Video_ID,Channel_ID,Video_Title,Published_At,Thumbnails,Comments,Likes,Views,Duration,Start_Time,End_Time,Scheduled_Time,Topic_Category
dE2nDuo2iNo,UCaIrY40rwEf51POKMybW-Eg,H√†nh Tr√¨nh ƒê·∫øn 30k Sub c·ªßa Linh | NIKA LAN LINH,2023-11-19T17:29:38Z,https://i.ytimg.com/vi/dE2nDuo2iNo/default.jpg,5,322,2219,PT5H23S,2023-11-19T12:15:12Z,2023-11-19T17:15:36Z,2023-11-19T12:15:03Z,['https://en.wikipedia.org/wiki/Video_game_culture']
ZXe5JVBb2Fw,UCaIrY40rwEf51POKMybW-Eg,Linh l√† v·ªãt Lan l√† Ng√µng | Goose Goose Duck | NIKA LAN LINH,2023-11-13T03:06:57Z,https://i.ytimg.com/vi/ZXe5JVBb2Fw/default.jpg,1,130,653,PT1H41M50S,2023-11-12T13:19:00Z,2023-11-12T15:00:54Z,2023-11-12T13:18:47Z,"['https://en.wikipedia.org/wiki/Entertainment', 'https://en.wikipedia.org/wiki/Film']"
zedZbEnK6yw,UCaIrY40rwEf51POKMybW-Eg,Ch·∫øt ƒê√≥i C√πng Kanon v√† Lan | Don't Starve Together | NIKA LAN LINH,2023-11-11T14:21:12Z,https://i.ytimg.com/vi/zedZbEnK6yw/default.jpg,0,144,699,PT2H4M35S,2023-11-11T12:06:02Z,2023-11-11T14:10:37Z,2023-11-11T12:05:50Z,"['https://en.wikipedia.org/wiki/Action_game', 'https://en.wikipedia.org/wiki/Role-playing_video_game', 'https://en.wikipedia.org/wiki/Video_game_culture']"
xxfU5lI4O-A,UCaIrY40rwEf51POKMybW-Eg,Game Si√™u Th·ª≠ Th√°ch... Die 1 M·∫°ng ƒÇn 1 C·ªß Ki·ªáu | Castle Crashers | NIKA LAN LINH,2023-11-11T02:02:01Z,https://i.ytimg.com/vi/xxfU5lI4O-A/default.jpg,3,139,735,PT1H50M36S,2023-11-10T12:01:47Z,2023-11-10T13:52:22Z,2023-11-10T12:01:38Z,"['https://en.wikipedia.org/wiki/Action_game', 'https://en.wikipedia.org/wiki/Role-playing_video_game', 'https://en.wikipedia.org/wiki/Strategy_video_game', 'https://en.wikipedia.org/wiki/Video_game_culture']"
TlcqnaQZmFY,UCaIrY40rwEf51POKMybW-Eg,Li√™n Qu√¢n Hay Li√™n Quan G√¨  ƒê√¢u  | NIKA LAN LINH,2023-11-09T14:53:05Z,https://i.ytimg.com/vi/TlcqnaQZmFY/default.jpg,0,188,1415,PT2H41M30S,2023-11-09T12:01:24Z,2023-11-09T14:42:50Z,2023-11-09T12:01:14Z,"['https://en.wikipedia.org/wiki/Action_game', 'https://en.wikipedia.org/wiki/Role-playing_video_game', 'https://en.wikipedia.org/wiki/Strategy_video_game', 'https://en.wikipedia.org/wiki/Video_game_culture']"
NhNGmw_16nc,UCaIrY40rwEf51POKMybW-Eg,T√¥i Mu·ªën T·∫Øt N·∫Øng ƒêi Cho M√†u ƒê·ª´ng Nh·∫°t M·∫•t | NIKA LAN LINH,2023-11-07T01:56:22Z,https://i.ytimg.com/vi/NhNGmw_16nc/default.jpg,5,163,879,PT1H49M13S,2023-11-06T12:00:00Z,2023-11-06T13:49:11Z,2023-11-06T11:59:45Z,['https://en.wikipedia.org/wiki/Music']
EkGqkSFkdX4,UCaIrY40rwEf51POKMybW-Eg,ƒê∆∞·ª£c T·∫∑ng Loading M·ªõi n√™n Ph·∫£i Live Stream Th√¥i | NIKA LAN LINH,2023-11-04T19:57:41Z,https://i.ytimg.com/vi/EkGqkSFkdX4/default.jpg,4,145,783,PT1H20M46S,2023-11-04T06:31:49Z,2023-11-04T07:52:35Z,2023-11-04T06:31:39Z,['https://en.wikipedia.org/wiki/Video_game_culture']
goAErZ-Fl64,UCaIrY40rwEf51POKMybW-Eg,Nh√† C∆∞a G√°i ƒê·∫°i T√†i | LOVE IS ALL AROUND  | NIKA LAN LINH,2023-11-04T14:21:39Z,https://i.ytimg.com/vi/goAErZ-Fl64/default.jpg,0,149,897,PT2H12M17S,2023-11-04T12:01:28Z,2023-11-04T14:13:42Z,2023-11-04T12:01:14Z,"['https://en.wikipedia.org/wiki/Entertainment', 'https://en.wikipedia.org/wiki/Film']"
nm8bdqkSkLc,UCaIrY40rwEf51POKMybW-Eg,ƒê·∫•m Nhau M·ªôt C√°ch Y√™u Th∆∞∆°ng |PARTY ANIMALS | NIKA LAN LINH,2023-11-02T14:26:23Z,https://i.ytimg.com/vi/nm8bdqkSkLc/default.jpg,1,168,925,PT2H8M22S,2023-11-02T12:06:47Z,2023-11-02T14:15:04Z,2023-11-02T12:06:34Z,"['https://en.wikipedia.org/wiki/Action_game', 'https://en.wikipedia.org/wiki/Strategy_video_game', 'https://en.wikipedia.org/wiki/Video_game_culture']"
hGHPUYszShU,UCaIrY40rwEf51POKMybW-Eg,‚ú®L·ªäCH STREAM H·∫∞NG TU·∫¶N üç∞ | NIKA LAN LINH,2023-11-01T16:53:49Z,https://i.ytimg.com/vi/hGHPUYszShU/default_live.jpg,0,27,0,P0D,,,2025-11-01T16:50:00Z,[]
z1bP4-VRHCY,UCaIrY40rwEf51POKMybW-Eg,Si√™u Tr·ªôm Si√™u L√ïm T√°i Xu·∫•t Giang H·ªì | NIKA LAN LINH,2023-11-01T14:43:51Z,https://i.ytimg.com/vi/z1bP4-VRHCY/default.jpg,4,167,862,PT2H32M30S,2023-11-01T12:01:07Z,2023-11-01T14:33:57Z,2023-11-01T12:00:58Z,"['https://en.wikipedia.org/wiki/Action_game', 'https://en.wikipedia.org/wiki/Video_game_culture']"
9sd2LIHtdLY,UCaIrY40rwEf51POKMybW-Eg,VƒÉn l√¥ r·∫±n ch·ªçt ke | Valorant | NIKA LAN LINH,2023-10-28T14:53:21Z,https://i.ytimg.com/vi/9sd2LIHtdLY/default.jpg,2,171,1054,PT2H20M47S,2023-10-28T12:20:45Z,2023-10-28T14:42:48Z,2023-10-28T12:20:28Z,"['https://en.wikipedia.org/wiki/Action_game', 'https://en.wikipedia.org/wiki/Role-playing_video_game', 'https://en.wikipedia.org/wiki/Video_game_culture']"
ZmNz3WFTmuA,UCaIrY40rwEf51POKMybW-Eg,VƒÉn l√¥ r·∫±n ch·ªçt ke | Valorant | NIKA LAN LINH,2023-10-28T12:23:52Z,https://i.ytimg.com/vi/ZmNz3WFTmuA/default.jpg,1,66,267,PT12M56S,2023-10-28T12:05:31Z,2023-10-28T12:18:28Z,2023-10-28T12:05:19Z,['https://en.wikipedia.org/wiki/Video_game_culture']
JLq958BgMfs,UCaIrY40rwEf51POKMybW-Eg,"C√°i ƒê·ªì 8 Ch√¢n Ch·∫øt Tii·ªát, Linh S·∫Ω Ti√™u Di·ªát Ng∆∞∆°i | KILL IT WITH FIRE | NIKA LAN LINH",2023-10-25T14:33:21Z,https://i.ytimg.com/vi/JLq958BgMfs/default.jpg,1,143,564,PT2H22M23S,2023-10-25T12:00:28Z,2023-10-25T14:22:48Z,2023-10-25T12:00:14Z,"['https://en.wikipedia.org/wiki/Action-adventure_game', 'https://en.wikipedia.org/wiki/Action_game', 'https://en.wikipedia.org/wiki/Casual_game', 'https://en.wikipedia.org/wiki/Role-playing_video_game', 'https://en.wikipedia.org/wiki/Video_game_culture']"
Qpz-YahDyXQ,UCaIrY40rwEf51POKMybW-Eg,V·ªõi IQ 300 C·ªßa Linh Quy·∫øt Ph√° ƒê·∫£o Game N√†y | The Last Campfire | NIKA LAN LINH,2023-10-22T17:32:20Z,https://i.ytimg.com/vi/Qpz-YahDyXQ/default.jpg,2,153,895,PT4H18M17S,2023-10-22T11:26:26Z,2023-10-22T15:44:43Z,2023-10-22T11:26:08Z,"['https://en.wikipedia.org/wiki/Action-adventure_game', 'https://en.wikipedia.org/wiki/Puzzle_video_game', 'https://en.wikipedia.org/wiki/Role-playing_video_game', 'https://en.wikipedia.org/wiki/Video_game_culture']"
R_Jm8kSbR1o,UCaIrY40rwEf51POKMybW-Eg,Game gi·∫£i ƒë·ªë y√™u c·∫ßu k·ªπ nƒÉng nh∆∞ng Linh c√≥ IQ 300 | The Last Campfire | NIKA LAN LINH,2023-10-21T16:46:45Z,https://i.ytimg.com/vi/R_Jm8kSbR1o/default.jpg,1,161,882,PT3H53M25S,2023-10-21T12:14:10Z,2023-10-21T16:07:38Z,2023-10-21T12:14:00Z,"['https://en.wikipedia.org/wiki/Action-adventure_game', 'https://en.wikipedia.org/wiki/Action_game', 'https://en.wikipedia.org/wiki/Puzzle_video_game', 'https://en.wikipedia.org/wiki/Role-playing_video_game', 'https://en.wikipedia.org/wiki/Video_game_culture']"
H2XST6tQ_xM,UCaIrY40rwEf51POKMybW-Eg,Karaoke Tra T·∫•n Kani | NIKA LAN LINH,2023-10-20T06:46:41Z,https://i.ytimg.com/vi/H2XST6tQ_xM/default.jpg,2,27,204,PT20S,2023-10-20T06:44:32Z,2023-10-20T06:44:54Z,2023-10-20T06:44:14Z,['https://en.wikipedia.org/wiki/Music']
6veVBB4DbPk,UCaIrY40rwEf51POKMybW-Eg,T√¥ T∆∞·ª£ng Hot c√πng  Linh | HANDCAM | NIKA LAN LINH,2023-10-15T02:02:49Z,https://i.ytimg.com/vi/6veVBB4DbPk/default.jpg,1,175,852,PT1H54M58S,2023-10-14T12:01:30Z,2023-10-14T13:56:29Z,2023-10-14T12:01:19Z,['https://en.wikipedia.org/wiki/Video_game_culture']
mVZd5Mo-fuM,UCaIrY40rwEf51POKMybW-Eg,B√© Linh T√¥ T∆∞·ª£ng | HANDCAM | NIKA LAN LINH,2023-10-13T17:46:43Z,https://i.ytimg.com/vi/mVZd5Mo-fuM/default.jpg,0,209,1164,PT3H39M43S,2023-10-13T12:59:29Z,2023-10-13T16:39:54Z,2023-10-13T12:59:15Z,['https://en.wikipedia.org/wiki/Lifestyle_(sociology)']
2pGRxdUp1eM,UCaIrY40rwEf51POKMybW-Eg,Happy New Year | NIKA LAN LINH,2023-10-11T03:53:09Z,https://i.ytimg.com/vi/2pGRxdUp1eM/default.jpg,2,156,960,PT1H11M40S,2023-10-10T14:32:36Z,2023-10-10T15:44:16Z,2023-10-10T14:32:23Z,['https://en.wikipedia.org/wiki/Video_game_culture']
EmhSAiiRlIo,UCaIrY40rwEf51POKMybW-Eg,Happy New Year | NIKA LAN LINH,2023-10-10T14:35:24Z,https://i.ytimg.com/vi/EmhSAiiRlIo/default.jpg,1,81,302,PT13M22S,2023-10-10T14:17:51Z,2023-10-10T14:31:14Z,2023-10-10T14:17:43Z,['https://en.wikipedia.org/wiki/Lifestyle_(sociology)']
B4uZYtpWYhU,UCaIrY40rwEf51POKMybW-Eg,M·∫•y Th·∫±ng Anh T·ªìyyyyyyy,2023-10-09T12:01:15Z,https://i.ytimg.com/vi/B4uZYtpWYhU/default.jpg,25,165,2279,PT19S,,,,['https://en.wikipedia.org/wiki/Video_game_culture']
AvnBhgTGkK4,UCaIrY40rwEf51POKMybW-Eg,Th·ª≠ Th√°ch 1 Ng√†y L√†m B·ªánh Nh√¢n T√¢m Th·∫ßn C·ªßa Kanon| NIKA LAN LINH,2023-10-06T18:42:28Z,https://i.ytimg.com/vi/AvnBhgTGkK4/default.jpg,3,265,2214,PT5H12M54S,2023-10-06T13:05:30Z,2023-10-06T18:18:21Z,2023-10-06T13:05:16Z,"['https://en.wikipedia.org/wiki/Entertainment', 'https://en.wikipedia.org/wiki/Film']"
4TAqUeZQ1og,UCaIrY40rwEf51POKMybW-Eg,H√£y H·ªèi Linh B·∫•t K·ª≥ ƒêi·ªÅu Gi... Linh  S·∫Ω Tr·∫£ L·ªùi H·∫øt | NIKA LAN LINH,2023-10-04T17:16:40Z,https://i.ytimg.com/vi/4TAqUeZQ1og/default.jpg,4,164,873,PT2H8M21S,2023-10-04T14:56:42Z,2023-10-04T17:04:57Z,2023-10-04T14:56:28Z,"['https://en.wikipedia.org/wiki/Entertainment', 'https://en.wikipedia.org/wiki/Film']"
XP8TFx-fPsM,UCaIrY40rwEf51POKMybW-Eg,C√≥ C·∫ßn T√¢m S·ª± Kh√¥ng | NIKA LAN LINH,2023-09-30T17:56:33Z,https://i.ytimg.com/vi/XP8TFx-fPsM/default.jpg,1,198,1230,PT2H54M11S,2023-09-30T14:15:34Z,2023-09-30T17:09:43Z,2023-09-30T14:15:18Z,['https://en.wikipedia.org/wiki/Video_game_culture']
pW7eWI0IQWg,UCaIrY40rwEf51POKMybW-Eg,Trung Thu Cung Linh | Freetalk | NIKA LAN LINH,2023-09-29T14:47:43Z,https://i.ytimg.com/vi/pW7eWI0IQWg/default.jpg,4,78,323,PT5M22S,2023-09-29T14:38:51Z,2023-09-29T14:44:39Z,2023-09-29T14:00:00Z,"['https://en.wikipedia.org/wiki/Entertainment', 'https://en.wikipedia.org/wiki/Film']"
d2P7zvm9PyI,UCaIrY40rwEf51POKMybW-Eg,T√¢m S·ª± C√πng Linh | Freetalk | NIKA LAN LINH,2023-09-27T04:57:26Z,https://i.ytimg.com/vi/d2P7zvm9PyI/default.jpg,4,153,796,PT1H44M12S,2023-09-26T15:06:42Z,2023-09-26T16:50:57Z,2023-09-26T15:06:11Z,[]
3k3J5dGlvQQ,UCaIrY40rwEf51POKMybW-Eg,T√¢m S·ª± C√πng Linh | Freetalk | NIKA LAN LINH,2023-09-27T03:01:47Z,https://i.ytimg.com/vi/3k3J5dGlvQQ/default.jpg,5,114,478,PT33M51S,2023-09-26T14:23:53Z,2023-09-26T14:58:14Z,2023-09-26T14:23:24Z,[]
tmhFTAXkzbY,UCaIrY40rwEf51POKMybW-Eg,ƒê·∫°i Chi·∫øn Si√™u Th√∫  | Party Animals | NIKA LAN LINH,2023-09-24T04:57:43Z,https://i.ytimg.com/vi/tmhFTAXkzbY/default.jpg,1,144,921,PT1H46M54S,2023-09-23T15:00:08Z,2023-09-23T16:47:01Z,2023-09-23T15:00:00Z,"['https://en.wikipedia.org/wiki/Action_game', 'https://en.wikipedia.org/wiki/Casual_game', 'https://en.wikipedia.org/wiki/Role-playing_video_game', 'https://en.wikipedia.org/wiki/Video_game_culture']"
uu6DfGS1_xQ,UCaIrY40rwEf51POKMybW-Eg,Ti·∫øt L·ªô B√≠ M·∫≠t V·ªÅ Japan Trend Festival  | NIKA LAN LINH,2023-09-24T03:10:30Z,https://i.ytimg.com/vi/uu6DfGS1_xQ/default.jpg,3,131,600,PT1H47M51S,2023-09-23T13:11:51Z,2023-09-23T14:59:46Z,2023-09-23T13:11:43Z,['https://en.wikipedia.org/wiki/Lifestyle_(sociology)']
UQPc4mhCh94,UCaIrY40rwEf51POKMybW-Eg,ƒÉn k·∫πo hay b·ªã gh·∫πo  | NIKA LAN LINH,2023-09-23T01:52:38Z,https://i.ytimg.com/vi/UQPc4mhCh94/default.jpg,2,118,624,PT1H44M18S,2023-09-22T12:01:49Z,2023-09-22T13:46:04Z,2023-09-22T12:01:39Z,['https://en.wikipedia.org/wiki/Lifestyle_(sociology)']
zUHez4LXRpk,UCaIrY40rwEf51POKMybW-Eg,Ch√∫ng ta h·∫πn h√≤ ƒëi | Freetalk | NIKA LAN LINH,2023-09-15T14:54:20Z,https://i.ytimg.com/vi/zUHez4LXRpk/default.jpg,7,173,1063,PT2H19M,2023-09-15T12:21:08Z,2023-09-15T14:40:05Z,2023-09-15T12:20:58Z,"['https://en.wikipedia.org/wiki/Role-playing_video_game', 'https://en.wikipedia.org/wiki/Video_game_culture']"
dliIA-752Uo,UCaIrY40rwEf51POKMybW-Eg,S·ªõm th·ª©c gi·∫•c th·∫•y sao b·ªìi h·ªìi √îi tim ta ƒë√£ y√™u Kani th·∫≠t r·ªìi | NIKA LAN LINH,2023-09-09T04:32:14Z,https://i.ytimg.com/vi/dliIA-752Uo/default.jpg,5,147,1012,PT2H21M57S,2023-09-09T01:29:24Z,2023-09-09T03:51:22Z,2023-09-09T01:29:13Z,['https://en.wikipedia.org/wiki/Video_game_culture']
ysd48olX8bA,UCaIrY40rwEf51POKMybW-Eg,intro1h | NIKA LAN LINH,2023-09-08T21:59:53Z,https://i.ytimg.com/vi/ysd48olX8bA/default.jpg,2,125,867,PT3H48M47S,2023-09-08T17:58:54Z,2023-09-08T21:47:54Z,2023-09-08T17:58:37Z,['https://en.wikipedia.org/wiki/Video_game_culture']
T_sw6RhnQRU,UCaIrY40rwEf51POKMybW-Eg,ƒê·ª´ng Ng·ªß Khi L≈©  B·∫°n C√≤n Th·ª©c| NIKA LAN LINH,2023-09-05T06:40:55Z,https://i.ytimg.com/vi/T_sw6RhnQRU/default.jpg,4,129,694,PT1H16M43S,2023-09-04T17:02:24Z,2023-09-04T18:19:09Z,2023-09-04T17:02:12Z,"['https://en.wikipedia.org/wiki/Action-adventure_game', 'https://en.wikipedia.org/wiki/Action_game', 'https://en.wikipedia.org/wiki/Role-playing_video_game', 'https://en.wikipedia.org/wiki/Video_game_culture']"
CGrpRewfJG0,UCaIrY40rwEf51POKMybW-Eg,va lo ran | Valorant | NIKA LAN LINH,2023-09-04T21:01:04Z,https://i.ytimg.com/vi/CGrpRewfJG0/default.jpg,3,108,659,PT2H21M32S,2023-09-04T18:29:54Z,2023-09-04T20:51:29Z,2023-09-04T18:29:42Z,"['https://en.wikipedia.org/wiki/Action_game', 'https://en.wikipedia.org/wiki/Role-playing_video_game', 'https://en.wikipedia.org/wiki/Video_game_culture']"
0TAJXm6zF9A,UCaIrY40rwEf51POKMybW-Eg,Poscast Ch·ªØa T√¢m H·ªìn C√πnng Lin| NIKA LAN LINH,2023-08-31T20:54:32Z,https://i.ytimg.com/vi/0TAJXm6zF9A/default.jpg,7,168,949,PT2H3M25S,2023-08-31T17:54:39Z,2023-08-31T19:58:03Z,2023-08-31T17:54:26Z,[]
CW5NZUuSruQ,UCaIrY40rwEf51POKMybW-Eg,PHOT | NIKA LAN LINH,2023-08-28T10:00:51Z,https://i.ytimg.com/vi/CW5NZUuSruQ/default.jpg,13,179,1783,PT1H33M6S,2023-08-27T20:13:46Z,2023-08-27T21:46:55Z,2023-08-27T20:13:33Z,[]
DwnkYW5q7Fw,UCaIrY40rwEf51POKMybW-Eg,Ch√†o Bu·ªïi S√°ng Honey | NIKA LAN LINH,2023-08-27T13:40:40Z,https://i.ytimg.com/vi/DwnkYW5q7Fw/default.jpg,10,183,1217,PT1H43M23S,2023-08-26T23:45:39Z,2023-08-27T01:29:00Z,2023-08-26T23:45:22Z,"['https://en.wikipedia.org/wiki/Entertainment', 'https://en.wikipedia.org/wiki/Film']"
He8EDr2K5rE,UCaIrY40rwEf51POKMybW-Eg,"Lan , Linh, Tra, Mai| NIKA LAN LINH",2023-08-24T14:02:54Z,https://i.ytimg.com/vi/He8EDr2K5rE/default.jpg,9,523,1951,PT1H7M36S,2023-08-24T12:20:35Z,2023-08-24T13:28:23Z,2023-08-24T12:20:23Z,[]
9DenFJA1juY,UCaIrY40rwEf51POKMybW-Eg,K·ª∑ ni·ªám m·ªôt nƒÉm c·∫ßm ƒë·∫ßu b·∫ßy cua m·ªôt c√†ng | 1st Anniversary | NIKA LAN LINH,2023-08-23T16:51:46Z,https://i.ytimg.com/vi/9DenFJA1juY/default.jpg,6,274,1799,PT3H11M8S,2023-08-23T13:05:38Z,2023-08-23T16:16:46Z,2023-08-23T13:05:27Z,['https://en.wikipedia.org/wiki/Video_game_culture']
zZLstTyAB2I,UCaIrY40rwEf51POKMybW-Eg,Game n√†y ch∆°i sao | Valorant | NIKA LAN LINH,2023-08-22T16:30:32Z,https://i.ytimg.com/vi/zZLstTyAB2I/default.jpg,2,203,1591,PT2H33M41S,2023-08-22T12:46:48Z,2023-08-22T15:20:24Z,2023-08-22T12:46:34Z,"['https://en.wikipedia.org/wiki/Action_game', 'https://en.wikipedia.org/wiki/Role-playing_video_game', 'https://en.wikipedia.org/wiki/Video_game_culture']"
m5HLezZRDmg,UCaIrY40rwEf51POKMybW-Eg,B√† Ho√†ng sinh t·ªìn v√† si√™u thi·ªán x·∫° | PUBG | NIKA LAN LINH,2023-08-21T17:30:31Z,https://i.ytimg.com/vi/m5HLezZRDmg/default.jpg,2,157,887,PT2H14M27S,2023-08-21T15:01:40Z,2023-08-21T17:16:09Z,2023-08-21T15:01:27Z,"['https://en.wikipedia.org/wiki/Action-adventure_game', 'https://en.wikipedia.org/wiki/Action_game', 'https://en.wikipedia.org/wiki/Role-playing_video_game', 'https://en.wikipedia.org/wiki/Video_game_culture']"
N5hgyERw6cY,UCaIrY40rwEf51POKMybW-Eg,Lan Linh ƒë√°ng y√™u b·∫Øt ƒë·∫ßu h√†nh tr√¨nh v√†o th·∫ø gi·ªõi b√°nh | DEBUT STREAM | NIKA LAN LINH,2023-08-21T04:44:16Z,https://i.ytimg.com/vi/N5hgyERw6cY/default.jpg,8,212,1431,PT1H34M17S,2023-08-20T15:01:56Z,2023-08-20T16:36:11Z,2023-08-20T15:01:45Z,['https://en.wikipedia.org/wiki/Lifestyle_(sociology)']
gEayaHdwtAQ,UCaIrY40rwEf51POKMybW-Eg,Kinh D·ªã ƒê√™m Khuya C√πn LInh | Freetalk | NIKA LAN LINH,2023-08-13T06:28:00Z,https://i.ytimg.com/vi/gEayaHdwtAQ/default.jpg,4,145,940,PT1H18M43S,2023-08-12T17:03:07Z,2023-08-12T18:21:49Z,2023-08-12T17:02:53Z,"['https://en.wikipedia.org/wiki/Entertainment', 'https://en.wikipedia.org/wiki/Film']"
65WVgpoowOU,UCaIrY40rwEf51POKMybW-Eg,T√¢m S·ª± C√πng Linh | Freetalk | NIKA LAN LINH,2023-08-11T17:25:37Z,https://i.ytimg.com/vi/65WVgpoowOU/default.jpg,5,248,1397,PT2H44M7S,2023-08-11T14:31:04Z,2023-08-11T17:15:15Z,2023-08-11T14:30:51Z,['https://en.wikipedia.org/wiki/Lifestyle_(sociology)']
dCBPhoP5eW8,UCaIrY40rwEf51POKMybW-Eg,ƒê·∫°i n√°o Bandai Gashapon VietNam c√πng Linh | NIKA LAN LINH,2023-08-09T05:31:50Z,https://i.ytimg.com/vi/dCBPhoP5eW8/default.jpg,3,228,1764,PT2H18M7S,2023-08-09T03:01:08Z,2023-08-09T05:19:15Z,2023-08-09T03:00:57Z,"['https://en.wikipedia.org/wiki/Entertainment', 'https://en.wikipedia.org/wiki/Film']"
W_aN38_CMXw,UCaIrY40rwEf51POKMybW-Eg,Stream x√†m | Freetalk | NIKA LAN LINH,2023-08-06T05:27:05Z,https://i.ytimg.com/vi/W_aN38_CMXw/default.jpg,7,153,1037,PT1H20M34S,2023-08-05T15:59:13Z,2023-08-05T17:19:49Z,2023-08-05T15:58:56Z,['https://en.wikipedia.org/wiki/Video_game_culture']
LgS45tUiy3k,UCaIrY40rwEf51POKMybW-Eg,Stream x√†m | Freetalk | NIKA LAN LINH,2023-08-05T16:02:21Z,https://i.ytimg.com/vi/LgS45tUiy3k/default.jpg,2,100,571,PT17M24S,2023-08-05T15:37:28Z,2023-08-05T15:55:01Z,2023-08-05T15:37:10Z,['https://en.wikipedia.org/wiki/Video_game_culture']
WxW3lZ8vrBU,UCaIrY40rwEf51POKMybW-Eg,Stream x√†m | Freetalk | NIKA LAN LINH,2023-08-05T15:35:41Z,https://i.ytimg.com/vi/WxW3lZ8vrBU/default.jpg,8,68,400,PT2M41S,2023-08-05T15:30:50Z,2023-08-05T15:33:31Z,2023-08-05T15:30:34Z,['https://en.wikipedia.org/wiki/Video_game_culture']
Pij5g5vrE1Y,UCaIrY40rwEf51POKMybW-Eg,Stream C·ªßa M·ªôt Pro Gamer | YET ANOTHER ZOMBIE SURVIVORS | NIKA LAN LINH,2023-07-22T06:33:22Z,https://i.ytimg.com/vi/Pij5g5vrE1Y/default.jpg,2,233,1716,PT2H6M22S,2023-07-22T04:16:25Z,2023-07-22T06:22:46Z,2023-07-22T04:16:08Z,"['https://en.wikipedia.org/wiki/Action-adventure_game', 'https://en.wikipedia.org/wiki/Action_game', 'https://en.wikipedia.org/wiki/Role-playing_video_game', 'https://en.wikipedia.org/wiki/Strategy_video_game', 'https://en.wikipedia.org/wiki/Video_game_culture']"
-u-gcfHu-Bs,UCaIrY40rwEf51POKMybW-Eg,B·∫°n Chu·ªôt Qu·∫©y ƒê√™m | NIKA LAN LINH,2023-07-19T05:58:28Z,https://i.ytimg.com/vi/-u-gcfHu-Bs/default.jpg,5,204,1488,PT1H23M23S,2023-07-18T16:30:21Z,2023-07-18T17:53:43Z,2023-07-18T16:30:08Z,"['https://en.wikipedia.org/wiki/Entertainment', 'https://en.wikipedia.org/wiki/Film']"
iIokrKIg26M,UCaIrY40rwEf51POKMybW-Eg,Linh R·ªß Nh·ªè Em Qu·∫©y N√°t Li√™n Qu√¢n | NIKA LAN LINH,2023-07-18T16:42:26Z,https://i.ytimg.com/vi/iIokrKIg26M/default.jpg,1,239,2663,PT3H8M5S,2023-07-18T13:20:55Z,2023-07-18T16:29:18Z,2023-07-18T13:20:39Z,"['https://en.wikipedia.org/wiki/Action_game', 'https://en.wikipedia.org/wiki/Role-playing_video_game', 'https://en.wikipedia.org/wiki/Strategy_video_game', 'https://en.wikipedia.org/wiki/Video_game_culture']"
b0aifYKCxug,UCaIrY40rwEf51POKMybW-Eg,Linh R·ªß Nh·ªè Em Qu·∫©y N√°t Li√™n Qu√¢n | NIKA LAN LINH,2023-07-17T17:03:51Z,https://i.ytimg.com/vi/b0aifYKCxug/default.jpg,3,282,2587,PT2H53M6S,2023-07-17T13:02:19Z,2023-07-17T15:55:30Z,2023-07-17T13:02:07Z,"['https://en.wikipedia.org/wiki/Action_game', 'https://en.wikipedia.org/wiki/Role-playing_video_game', 'https://en.wikipedia.org/wiki/Strategy_video_game', 'https://en.wikipedia.org/wiki/Video_game_culture']"
aFEfqocBZfQ,UCaIrY40rwEf51POKMybW-Eg,10K view Linh s·∫Ω l·ªô m·∫∑t,2023-07-15T15:29:32Z,https://i.ytimg.com/vi/aFEfqocBZfQ/default.jpg,11,277,2958,PT3H32M54S,2023-07-14T23:37:32Z,2023-07-15T03:16:09Z,2023-07-14T23:32:36Z,['https://en.wikipedia.org/wiki/Lifestyle_(sociology)']
XIiwajDo9kQ,UCaIrY40rwEf51POKMybW-Eg,Ph·ª•c Th√π | ONlY UP! | NIKA LAN LINH,2023-07-10T02:34:44Z,https://i.ytimg.com/vi/XIiwajDo9kQ/default.jpg,4,158,1247,PT1H20M18S,2023-07-09T13:05:44Z,2023-07-09T14:26:05Z,2023-07-09T13:05:30Z,"['https://en.wikipedia.org/wiki/Action-adventure_game', 'https://en.wikipedia.org/wiki/Action_game', 'https://en.wikipedia.org/wiki/Role-playing_video_game', 'https://en.wikipedia.org/wiki/Video_game_culture']"
mFzDnQ_oI3Q,UCaIrY40rwEf51POKMybW-Eg,Ph·ª•c Th√π | ONlY UP! | NIKA LAN LINH,2023-07-10T01:06:42Z,https://i.ytimg.com/vi/mFzDnQ_oI3Q/default.jpg,4,136,818,PT1H3M3S,2023-07-09T12:00:12Z,2023-07-09T13:03:12Z,2023-07-09T11:59:58Z,"['https://en.wikipedia.org/wiki/Action_game', 'https://en.wikipedia.org/wiki/Role-playing_video_game', 'https://en.wikipedia.org/wiki/Video_game_culture']"
LMVJBhnoSss,UCaIrY40rwEf51POKMybW-Eg,ONlY UP ! only you | ONlY UP! | NIKA LAN LINH,2023-07-06T02:01:05Z,https://i.ytimg.com/vi/LMVJBhnoSss/default.jpg,3,225,1736,PT1H34M46S,2023-07-05T12:16:19Z,2023-07-05T13:51:09Z,2023-07-05T12:16:09Z,"['https://en.wikipedia.org/wiki/Action-adventure_game', 'https://en.wikipedia.org/wiki/Action_game', 'https://en.wikipedia.org/wiki/Role-playing_video_game', 'https://en.wikipedia.org/wiki/Video_game_culture']"
ctHwb-7urRw,UCaIrY40rwEf51POKMybW-Eg,Tiramissu | NIKA LAN LINH,2023-07-05T01:20:17Z,https://i.ytimg.com/vi/ctHwb-7urRw/default.jpg,5,190,1187,PT1H10M4S,2023-07-04T12:05:48Z,2023-07-04T13:15:48Z,2023-07-04T12:05:36Z,['https://en.wikipedia.org/wiki/Lifestyle_(sociology)']
ZJzNPAPwwEY,UCaIrY40rwEf51POKMybW-Eg,C√¢u Like L√†m Chi...Linh ƒê√£ Live 30 Bu·ªïi L√∫c N√†o Kh√¥ng Hay | NIKA LAN LINH,2023-07-04T11:42:29Z,https://i.ytimg.com/vi/ZJzNPAPwwEY/default.jpg,5,99,649,PT29M1S,2023-07-03T23:07:59Z,2023-07-03T23:36:57Z,2023-07-03T23:07:40Z,"['https://en.wikipedia.org/wiki/Entertainment', 'https://en.wikipedia.org/wiki/Film']"
InniOcnmSrw,UCaIrY40rwEf51POKMybW-Eg,C√¢u Like L√†m Chi...Linh ƒê√£ Live 30 Bu·ªïi L√∫c N√†o Kh√¥ng Hay | NIKA LAN LINH,2023-07-03T18:49:30Z,https://i.ytimg.com/vi/InniOcnmSrw/default.jpg,1,261,1647,PT2H44M17S,2023-07-03T15:51:37Z,2023-07-03T18:35:53Z,2023-07-03T15:51:24Z,"['https://en.wikipedia.org/wiki/Entertainment', 'https://en.wikipedia.org/wiki/Film']"
G-7q4iEKmpM,UCaIrY40rwEf51POKMybW-Eg,Ai L√† Kani Fake H√¥m Nay S·∫Ω Bi·∫øt... T·∫ø ƒê·∫øn CH√çT | NIKA LAN LINH,2023-07-02T18:36:39Z,https://i.ytimg.com/vi/G-7q4iEKmpM/default.jpg,7,194,1455,PT2H18M17S,2023-07-02T16:10:07Z,2023-07-02T18:28:20Z,2023-07-02T16:09:55Z,[]
hY_W1NDy8GE,UCaIrY40rwEf51POKMybW-Eg,Th·∫ßy B√≥i Mi·ªÅn T√¢y T√°i Xu·∫•t | NIKA LAN LINH,2023-06-30T03:29:46Z,https://i.ytimg.com/vi/hY_W1NDy8GE/default.jpg,1,100,544,PT26M40S,2023-06-29T15:00:14Z,2023-06-29T15:26:50Z,2023-06-29T15:00:06Z,"['https://en.wikipedia.org/wiki/Entertainment', 'https://en.wikipedia.org/wiki/Film', 'https://en.wikipedia.org/wiki/Puzzle_video_game']"
Pv_vYjhMgPA,UCaIrY40rwEf51POKMybW-Eg,Th·∫ßy B√≥i Mi·ªÅn T√¢y T√°i Xu·∫•t | NIKA LAN LINH,2023-06-29T22:04:06Z,https://i.ytimg.com/vi/Pv_vYjhMgPA/default.jpg,6,199,1556,PT6H8M25S,2023-06-29T15:28:58Z,2023-06-29T21:37:42Z,2023-06-29T15:28:48Z,['https://en.wikipedia.org/wiki/Lifestyle_(sociology)']
RyCJ5CmZVX8,UCaIrY40rwEf51POKMybW-Eg,M·ªôt Khi N√¥i Nh·ªõ Anh Bi·∫øn Th√†nh D·∫£i Ng√¢n H√† Th√¨ Anh Bi·∫øt Ch·∫°y ƒêi ƒê√¢u.. | Nika Lan Linh .,2023-06-27T07:27:06Z,https://i.ytimg.com/vi/RyCJ5CmZVX8/default.jpg,41,324,2646,PT15S,,,,['https://en.wikipedia.org/wiki/Music']
gGaSoqSlrsQ,UCaIrY40rwEf51POKMybW-Eg,Con M√£ Con Ma Con Ma ƒê√™m Khuya... | TRUY·ªÜN MA L√öC 12 GI·ªú | NIKA LAN LINH,2023-06-27T05:19:40Z,https://i.ytimg.com/vi/gGaSoqSlrsQ/default.jpg,6,122,795,PT24M7S,2023-06-26T16:53:52Z,2023-06-26T17:17:48Z,2023-06-26T16:53:34Z,"['https://en.wikipedia.org/wiki/Casual_game', 'https://en.wikipedia.org/wiki/Entertainment', 'https://en.wikipedia.org/wiki/Film']"
qa52cI6pnno,UCaIrY40rwEf51POKMybW-Eg,Con M√£ Con Ma Con Ma ƒê√™m Khuya... | TRUY·ªÜN MA L√öC 12 GI·ªú | NIKA LAN LINH,2023-06-26T21:11:57Z,https://i.ytimg.com/vi/qa52cI6pnno/default.jpg,5,152,1228,PT3H40M14S,2023-06-26T17:20:44Z,2023-06-26T21:00:54Z,2023-06-26T17:20:26Z,"['https://en.wikipedia.org/wiki/Entertainment', 'https://en.wikipedia.org/wiki/Film']"
ZJQQ9E0D7rA,UCaIrY40rwEf51POKMybW-Eg,Li·ªáu k·ªãch b·∫£n Drama s·∫Ω ƒëi ƒë·∫øn ƒë√¢u? ƒë√£ k·∫øt th√∫c hay v·∫´n c√≤n ti·∫øp? | NIKA LAN LINH,2023-06-18T18:07:42Z,https://i.ytimg.com/vi/ZJQQ9E0D7rA/default.jpg,4,268,2487,PT5H20M36S,2023-06-18T12:15:13Z,2023-06-18T17:35:46Z,2023-06-18T12:15:07Z,"['https://en.wikipedia.org/wiki/Entertainment', 'https://en.wikipedia.org/wiki/Film']"
IHHs6J6G-j0,UCaIrY40rwEf51POKMybW-Eg,ƒêem Fanart c·ªßa m·∫•y ng∆∞·ªùi ra soi r·ªìi ƒëem b√°n coi ƒë∆∞·ª£c nhi√™u ti·ªÅn | NIKA LAN LINH,2023-06-18T02:37:59Z,https://i.ytimg.com/vi/IHHs6J6G-j0/default.jpg,4,193,1306,PT1H42M20S,2023-06-17T12:49:25Z,2023-06-17T14:31:39Z,2023-06-17T12:49:15Z,[]
58dI20TPDIE,UCaIrY40rwEf51POKMybW-Eg,M·ªôt Khi N·ªói Nh·ªõ Em Bi·∫øn Th√†nh D·∫£i Ng√¢n H√†...  | NIKA LAN LINH,2023-06-15T14:53:14Z,https://i.ytimg.com/vi/58dI20TPDIE/default.jpg,4,206,1437,PT2H10M9S,2023-06-15T12:05:37Z,2023-06-15T14:15:46Z,2023-06-15T12:05:28Z,[]
28GAWNzD7r0,UCaIrY40rwEf51POKMybW-Eg,NƒÉm 90 M·∫•y Linh L√† Di·ªÖn Vi√™n ƒê√≥ng TV N·ªïi Ti·∫øng | ROLEPLAY | NIKA LAN LINH,2023-06-11T15:44:43Z,https://i.ytimg.com/vi/28GAWNzD7r0/default.jpg,7,220,1579,PT2H39M34S,2023-06-11T12:28:31Z,2023-06-11T15:08:08Z,2023-06-11T12:28:17Z,"['https://en.wikipedia.org/wiki/Entertainment', 'https://en.wikipedia.org/wiki/Film']"
8c7yiTjerdg,UCaIrY40rwEf51POKMybW-Eg,M·ªü qu√°n ƒÉn c·ªßa m√®o c·ª±c chill v√† d·ªÖ th∆∞∆°ng | Cat Snack Bar | NIKA LAN LINH,2023-06-08T15:02:13Z,https://i.ytimg.com/vi/8c7yiTjerdg/default.jpg,5,203,1640,PT2H16M58S,2023-06-08T12:33:28Z,2023-06-08T14:50:24Z,2023-06-08T12:33:15Z,['https://en.wikipedia.org/wiki/Lifestyle_(sociology)']
Ujsefb-4n_U,UCaIrY40rwEf51POKMybW-Eg,Stream Sinh Nh·∫≠t   | NIKA LAN LINH | NIKA LINH LAN,2023-06-07T16:43:40Z,https://i.ytimg.com/vi/Ujsefb-4n_U/default.jpg,6,389,3213,PT3H5M16S,2023-06-07T13:15:36Z,2023-06-07T16:20:52Z,2023-06-07T13:15:24Z,"['https://en.wikipedia.org/wiki/Role-playing_video_game', 'https://en.wikipedia.org/wiki/Video_game_culture']"
f7DZ6t2l7no,UCaIrY40rwEf51POKMybW-Eg,Di·ªÖn Vi√™n L√†ng L√° Xu·∫•t Hi·ªán L·∫°i trong T·ªëi ƒê√™m Nay | ROLEPLAY | NIKA LAN LINH,2023-06-04T15:08:50Z,https://i.ytimg.com/vi/f7DZ6t2l7no/default.jpg,8,237,1594,PT2H52M29S,2023-06-04T11:59:40Z,2023-06-04T14:52:08Z,2023-06-04T11:59:26Z,[]
WUNdGBL_9iM,UCaIrY40rwEf51POKMybW-Eg,L√† Cua L√† Cua.. Linh l√† cua hay cua l√† cua cua la cua hay cua l√† cua | Grab Champion | NIKA LAN LINH,2023-06-03T15:03:31Z,https://i.ytimg.com/vi/WUNdGBL_9iM/default.jpg,8,198,1148,PT2H23M45S,2023-06-03T12:22:49Z,2023-06-03T14:46:30Z,2023-06-03T12:22:38Z,"['https://en.wikipedia.org/wiki/Action-adventure_game', 'https://en.wikipedia.org/wiki/Action_game', 'https://en.wikipedia.org/wiki/Role-playing_video_game', 'https://en.wikipedia.org/wiki/Video_game_culture']"
A2FoybMAnp8,UCaIrY40rwEf51POKMybW-Eg,Cua xem Linh gi·∫£ l·∫≠p l√†m Cua | Grab Champion | NIKA LAN LINH,2023-05-28T15:47:54Z,https://i.ytimg.com/vi/A2FoybMAnp8/default.jpg,8,231,1578,PT2H55M38S,2023-05-28T12:00:35Z,2023-05-28T14:56:24Z,2023-05-28T12:00:26Z,"['https://en.wikipedia.org/wiki/Action_game', 'https://en.wikipedia.org/wiki/Role-playing_video_game', 'https://en.wikipedia.org/wiki/Video_game_culture']"
h0RIF8WE3Cg,UCaIrY40rwEf51POKMybW-Eg,Kh√°m ph√° con game b·∫Øn nhau m·ªõi c√πng Linh n√® |VEILED EXPERTS | NIKA LAN LINH,2023-05-26T16:00:49Z,https://i.ytimg.com/vi/h0RIF8WE3Cg/default.jpg,3,192,1335,PT3H22M9S,2023-05-26T12:06:34Z,2023-05-26T15:28:41Z,2023-05-26T12:06:27Z,"['https://en.wikipedia.org/wiki/Action-adventure_game', 'https://en.wikipedia.org/wiki/Action_game', 'https://en.wikipedia.org/wiki/Role-playing_video_game', 'https://en.wikipedia.org/wiki/Strategy_video_game', 'https://en.wikipedia.org/wiki/Video_game_culture']"
WWFgCSlOUTI,UCaIrY40rwEf51POKMybW-Eg,H√≥a Th√¢n Th√†nh C·ªß Khoai T√¢y | Stream Kh√¥ng L·ªùi | BROTATO | NIKA LAN LINH,2023-05-24T19:38:21Z,https://i.ytimg.com/vi/WWFgCSlOUTI/default.jpg,4,209,1352,PT1H51M9S,2023-05-24T05:31:35Z,2023-05-24T07:22:45Z,2023-05-24T05:31:25Z,"['https://en.wikipedia.org/wiki/Action_game', 'https://en.wikipedia.org/wiki/Role-playing_video_game', 'https://en.wikipedia.org/wiki/Strategy_video_game', 'https://en.wikipedia.org/wiki/Video_game_culture']"
y3MhFzAaKoU,UCaIrY40rwEf51POKMybW-Eg,Ngh·ªÅ tay tr√°i c·ªßa Linh l√† di·ªÖn vi√™n ƒë√≥ gh√™ h√¥ng P2 | ROLEPLAY | NIKA LAN LINH,2023-05-21T14:19:23Z,https://i.ytimg.com/vi/y3MhFzAaKoU/default.jpg,5,204,1292,PT2H29S,2023-05-21T12:00:51Z,2023-05-21T14:01:16Z,2023-05-21T12:00:41Z,"['https://en.wikipedia.org/wiki/Role-playing_video_game', 'https://en.wikipedia.org/wiki/Video_game_culture']"
2LuvEEnrOEY,UCaIrY40rwEf51POKMybW-Eg,Ngh·ªÅ tay tr√°i c·ªßa Linh l√† di·ªÖn vi√™n ƒë√≥ gh√™ h√¥ng | ROLEPLAY | NIKA LAN LINH,2023-05-21T01:54:02Z,https://i.ytimg.com/vi/2LuvEEnrOEY/default.jpg,6,174,1102,PT1H42M35S,2023-05-20T12:00:59Z,2023-05-20T13:43:25Z,2023-05-20T12:00:41Z,"['https://en.wikipedia.org/wiki/Role-playing_video_game', 'https://en.wikipedia.org/wiki/Video_game_culture']"
MWZPJXEXloo,UCaIrY40rwEf51POKMybW-Eg,"Stream ƒë√°nh √∫p, Handcam review ƒë·ªì ƒÉn c·ªßa Linh | Handcam | NIKA LAN LINH",2023-05-20T02:05:00Z,https://i.ytimg.com/vi/MWZPJXEXloo/default.jpg,3,233,1551,PT1H51M25S,2023-05-19T12:01:36Z,2023-05-19T13:52:59Z,2023-05-19T12:01:28Z,"['https://en.wikipedia.org/wiki/Role-playing_video_game', 'https://en.wikipedia.org/wiki/Video_game_culture']"
SeFUKE4djrM,UCaIrY40rwEf51POKMybW-Eg,Xem Linh g√°nh team c√πng nh·ªØng gi√°o √°n ƒë·∫∑c d·ªã m·ªõi n√® | Li√™n Qu√¢n Mobile | NIKA LAN LINH,2023-05-18T18:36:07Z,https://i.ytimg.com/vi/SeFUKE4djrM/default.jpg,5,260,2772,PT4H11M14S,2023-05-18T12:03:42Z,2023-05-18T16:16:20Z,2023-05-18T12:03:28Z,"['https://en.wikipedia.org/wiki/Action_game', 'https://en.wikipedia.org/wiki/Role-playing_video_game', 'https://en.wikipedia.org/wiki/Strategy_video_game', 'https://en.wikipedia.org/wiki/Video_game_culture']"
Iwe2ws0dEPQ,UCaIrY40rwEf51POKMybW-Eg,hello | NIKA LAN LINH,2023-05-12T13:49:41Z,https://i.ytimg.com/vi/Iwe2ws0dEPQ/default.jpg,20,87,665,PT3M51S,2023-05-12T13:42:56Z,2023-05-12T13:46:45Z,2023-05-12T13:42:41Z,"['https://en.wikipedia.org/wiki/Entertainment', 'https://en.wikipedia.org/wiki/Film']"
cQG-ATpgvUA,UCaIrY40rwEf51POKMybW-Eg,L·∫ßn ƒê·∫ßu Tr·∫£i Nghi·ªám Game Hay B∆∞·ªõc V√†o Con ƒê∆∞·ªùng Nghi·ªán Ng·∫≠p Gacha |Honkai: Star Rail | NIKA LAN LINH,2023-05-06T15:04:31Z,https://i.ytimg.com/vi/cQG-ATpgvUA/default.jpg,3,240,2159,PT2H41M21S,2023-05-06T12:00:43Z,2023-05-06T14:41:57Z,2023-05-06T12:00:30Z,"['https://en.wikipedia.org/wiki/Action_game', 'https://en.wikipedia.org/wiki/Role-playing_video_game', 'https://en.wikipedia.org/wiki/Video_game_culture']"
efhNQ4705LY,UCaIrY40rwEf51POKMybW-Eg,"""Linh"" T·ª≠ Ph·ª•c v√† h√†nh tr√¨nh c·ª©u v·ª£ P2 | √Åo C∆∞·ªõi Gi·∫•y 1 | NIKA LAN LINH",2023-05-04T16:03:19Z,https://i.ytimg.com/vi/efhNQ4705LY/default.jpg,3,217,1288,PT3H13M59S,2023-05-04T12:20:34Z,2023-05-04T15:34:36Z,2023-05-04T12:20:23Z,"['https://en.wikipedia.org/wiki/Action-adventure_game', 'https://en.wikipedia.org/wiki/Action_game', 'https://en.wikipedia.org/wiki/Casual_game', 'https://en.wikipedia.org/wiki/Puzzle_video_game', 'https://en.wikipedia.org/wiki/Role-playing_video_game', 'https://en.wikipedia.org/wiki/Video_game_culture']"
utDeOTq7k1s,UCaIrY40rwEf51POKMybW-Eg,"ƒÇn K·∫πo...... Bi·∫øt b√† Mai kh√¥ng... Mai ƒêi H·ªçc , Mai ƒêi L√†m | NIKA LAN LINH",2023-05-03T18:56:50Z,https://i.ytimg.com/vi/utDeOTq7k1s/default.jpg,5,271,1792,PT5H30M18S,2023-05-03T12:15:16Z,2023-05-03T17:45:29Z,2023-05-03T12:15:03Z,['https://en.wikipedia.org/wiki/Lifestyle_(sociology)']
1LO2dUldswQ,UCaIrY40rwEf51POKMybW-Eg,S·ªßa Lofi C√πng Chat | NIKA LAN LINH,2023-05-02T17:11:53Z,https://i.ytimg.com/vi/1LO2dUldswQ/default.jpg,5,317,1971,PT4H39M12S,2023-05-02T12:14:55Z,2023-05-02T16:54:08Z,2023-05-02T12:14:44Z,['https://en.wikipedia.org/wiki/Lifestyle_(sociology)']
IClYj_l2FEc,UCaIrY40rwEf51POKMybW-Eg,ƒÇn K·∫πo Ng√†y Gi·ªï T·ªï H√πng V∆∞∆°ng N√® | NIKA LAN LINH,2023-04-29T16:26:21Z,https://i.ytimg.com/vi/IClYj_l2FEc/default.jpg,9,236,1691,PT3H31M2S,2023-04-29T12:33:35Z,2023-04-29T16:04:33Z,2023-04-29T12:33:25Z,['https://en.wikipedia.org/wiki/Lifestyle_(sociology)']
xvoN5AX930E,UCaIrY40rwEf51POKMybW-Eg,ƒÇn K·∫πo Ng√†y Gi·ªï T·ªï H√πng V∆∞∆°ng N√® | NIKA LAN LINH,2023-04-29T12:35:37Z,https://i.ytimg.com/vi/xvoN5AX930E/default.jpg,1,68,407,PT17M21S,2023-04-29T12:14:49Z,2023-04-29T12:32:08Z,2023-04-29T12:14:44Z,['https://en.wikipedia.org/wiki/Lifestyle_(sociology)']
jB55pwPFzFo,UCaIrY40rwEf51POKMybW-Eg,"B·∫Øt ma c√πng ƒë·ªìng b·ªçn ft.H·∫£i Qu·ª≥, Linh v√† anh Sin v√† nh·ªè Lan | Phasmophobia | NIKA LAN LINH",2023-04-20T01:37:59Z,https://i.ytimg.com/vi/jB55pwPFzFo/default.jpg,0,104,778,PT24M,2023-04-19T13:06:42Z,2023-04-19T13:30:44Z,2023-04-19T13:06:31Z,"['https://en.wikipedia.org/wiki/Entertainment', 'https://en.wikipedia.org/wiki/Film']"
xXmR8Es7-h8,UCaIrY40rwEf51POKMybW-Eg,"B·∫Øt ma c√πng ƒë·ªìng b·ªçn ft.H·∫£i Qu·ª≥, Linh v√† anh Sin | Phasmophobia | NIKA LAN LINH",2023-04-19T17:18:20Z,https://i.ytimg.com/vi/xXmR8Es7-h8/default.jpg,4,215,2052,PT3H27M3S,2023-04-19T13:32:16Z,2023-04-19T16:59:21Z,2023-04-19T13:32:03Z,"['https://en.wikipedia.org/wiki/Action-adventure_game', 'https://en.wikipedia.org/wiki/Action_game', 'https://en.wikipedia.org/wiki/Role-playing_video_game', 'https://en.wikipedia.org/wiki/Video_game_culture']"
tfsoH9ApgLg,UCaIrY40rwEf51POKMybW-Eg,"""Linh"" T·ª≠ Ph·ª•c v√† h√†nh tr√¨nh c·ª©u v·ª£ P1 | √Åo C∆∞·ªõi Gi·∫•y 1 | NIKA LAN LINH",2023-04-16T18:31:40Z,https://i.ytimg.com/vi/tfsoH9ApgLg/default.jpg,4,260,1853,PT5H10M37S,2023-04-16T12:00:33Z,2023-04-16T17:11:04Z,2023-04-16T12:00:19Z,"['https://en.wikipedia.org/wiki/Action-adventure_game', 'https://en.wikipedia.org/wiki/Casual_game', 'https://en.wikipedia.org/wiki/Puzzle_video_game', 'https://en.wikipedia.org/wiki/Role-playing_video_game', 'https://en.wikipedia.org/wiki/Video_game_culture']"
RPtIjhwECdA,UCaIrY40rwEf51POKMybW-Eg,"Li·ªáu m·ªôt chi·∫øc ""th·ªõt"" c√≥ th·ªÉ s·ªëng s√≥t gi·ªØa t·∫≠n th·∫ø? | DYING LIGHT | NIKA LAN LINH",2023-04-15T17:52:13Z,https://i.ytimg.com/vi/RPtIjhwECdA/default.jpg,4,234,1541,PT4H37M48S,2023-04-15T12:00:23Z,2023-04-15T16:38:14Z,2023-04-15T12:00:07Z,"['https://en.wikipedia.org/wiki/Action-adventure_game', 'https://en.wikipedia.org/wiki/Action_game', 'https://en.wikipedia.org/wiki/Casual_game', 'https://en.wikipedia.org/wiki/Role-playing_video_game', 'https://en.wikipedia.org/wiki/Video_game_culture']"
Zh2gsTUaH3k,UCaIrY40rwEf51POKMybW-Eg,Sinh T·ªìn Ng√†y T·∫≠n Th·∫ø | DYING LIGHT | NIKA LAN LINH,2023-04-13T16:38:58Z,https://i.ytimg.com/vi/Zh2gsTUaH3k/default.jpg,4,218,1235,PT3H17M22S,2023-04-13T12:01:42Z,2023-04-13T15:19:06Z,2023-04-13T12:01:29Z,"['https://en.wikipedia.org/wiki/Action-adventure_game', 'https://en.wikipedia.org/wiki/Action_game', 'https://en.wikipedia.org/wiki/Casual_game', 'https://en.wikipedia.org/wiki/Role-playing_video_game', 'https://en.wikipedia.org/wiki/Video_game_culture']"
DN6WmKF5uiY,UCaIrY40rwEf51POKMybW-Eg,Sinh T·ªìn Gi·ªØa C√°c Zombie | DYING LIGHT | NIKA LAN LINH,2023-04-09T02:38:35Z,https://i.ytimg.com/vi/DN6WmKF5uiY/default.jpg,6,233,1384,PT1H50M13S,2023-04-08T12:38:43Z,2023-04-08T14:28:59Z,2023-04-08T12:38:30Z,"['https://en.wikipedia.org/wiki/Action-adventure_game', 'https://en.wikipedia.org/wiki/Action_game', 'https://en.wikipedia.org/wiki/Casual_game', 'https://en.wikipedia.org/wiki/Role-playing_video_game', 'https://en.wikipedia.org/wiki/Video_game_culture']"
wnS3bQrs9DM,UCaIrY40rwEf51POKMybW-Eg,ƒê·ªÉ coi m√≠ nh·ªè Kani l√†m meme g√¨ v·ªÅ Linh P2 | Reaction Meme | NIKA LAN LINH,2023-04-06T15:43:28Z,https://i.ytimg.com/vi/wnS3bQrs9DM/default.jpg,2,263,1726,PT2H10M31S,2023-04-06T12:00:39Z,2023-04-06T14:11:08Z,2023-04-06T12:00:28Z,"['https://en.wikipedia.org/wiki/Entertainment', 'https://en.wikipedia.org/wiki/Film']"
oFBiYFCLIUc,UCaIrY40rwEf51POKMybW-Eg,Khui qu√† AniAni v√† t√¢m s·ª± tu·ªïi h·ªìng th√¥i n√†o | Freetalk | NIKA LAN LINH,2023-04-02T17:17:38Z,https://i.ytimg.com/vi/oFBiYFCLIUc/default.jpg,5,319,2396,PT4H38M8S,2023-04-02T12:02:17Z,2023-04-02T16:40:23Z,2023-04-02T12:02:02Z,['https://en.wikipedia.org/wiki/Lifestyle_(sociology)']
KE0p97pKoTw,UCaIrY40rwEf51POKMybW-Eg,C√¥ng b·ªë s·ª± th·∫≠t ch·∫•n ƒë·ªông g√¢y l√∫ | Th√°ng T∆∞ V√† L·ªùi N√≥i D·ªëi C·ªßa Em | Freetalk | NIKA LAN LINH,2023-04-02T02:02:59Z,https://i.ytimg.com/vi/KE0p97pKoTw/default.jpg,7,305,2097,PT1H41M5S,2023-04-01T12:00:17Z,2023-04-01T13:41:23Z,2023-04-01T12:00:08Z,['https://en.wikipedia.org/wiki/Lifestyle_(sociology)']
6vtZ6ZH18i8,UCaIrY40rwEf51POKMybW-Eg,ƒê·ªÉ coi m√≠ nh·ªè Kani l√†m meme g√¨ v·ªÅ Linh haaa | Reaction Meme | NIKA LAN LINH,2023-03-25T16:04:04Z,https://i.ytimg.com/vi/6vtZ6ZH18i8/default.jpg,8,279,1971,PT2H4M15S,2023-03-25T12:03:53Z,2023-03-25T14:08:04Z,2023-03-25T12:03:40Z,['https://en.wikipedia.org/wiki/Lifestyle_(sociology)']
-jAC-FcTMDM,UCaIrY40rwEf51POKMybW-Eg,Sin d·ª• Linh v√¥ b·∫ßy ng·ªóng s√∫ v·ªõi c√°c b·∫°n Vtuber kh√°c | Goose Goose Duck | NIKA LAN LINH,2023-03-20T15:58:37Z,https://i.ytimg.com/vi/-jAC-FcTMDM/default.jpg,3,282,2080,PT2H13M6S,2023-03-20T13:13:00Z,2023-03-20T15:26:04Z,2023-03-20T13:12:49Z,"['https://en.wikipedia.org/wiki/Action-adventure_game', 'https://en.wikipedia.org/wiki/Casual_game', 'https://en.wikipedia.org/wiki/Role-playing_video_game', 'https://en.wikipedia.org/wiki/Video_game_culture']"
XysLn-4WUPE,UCaIrY40rwEf51POKMybW-Eg,V√† ƒë√≥ l√† FlorentiLinh m√∫a r·∫•t g·∫Øt | Li√™n Qu√¢n Mobile | NIKA LAN LINH,2023-03-18T17:22:47Z,https://i.ytimg.com/vi/XysLn-4WUPE/default.jpg,4,348,3624,PT3H3M13S,2023-03-18T12:01:55Z,2023-03-18T15:05:30Z,2023-03-18T12:01:46Z,"['https://en.wikipedia.org/wiki/Action_game', 'https://en.wikipedia.org/wiki/Role-playing_video_game', 'https://en.wikipedia.org/wiki/Strategy_video_game', 'https://en.wikipedia.org/wiki/Video_game_culture']"
sN3iN6pBAts,UCaIrY40rwEf51POKMybW-Eg,ƒê√£ l√¢u kh√¥ng ƒÉn ch√∫t k·∫πo d·∫ªo ch·ª© h·∫£ | MARSHMALLOW | NIKA LAN LINH,2023-03-16T01:18:33Z,https://i.ytimg.com/vi/sN3iN6pBAts/default.jpg,0,89,621,PT21M38S,2023-03-15T12:31:53Z,2023-03-15T12:53:34Z,2023-03-15T12:31:41Z,"['https://en.wikipedia.org/wiki/Entertainment', 'https://en.wikipedia.org/wiki/Film']"
9hQiyFkm3qc,UCaIrY40rwEf51POKMybW-Eg,ƒê√£ l√¢u kh√¥ng ƒÉn ch√∫t k·∫πo d·∫ªo ch·ª© h·∫£ | MARSHMALLOW | NIKA LAN LINH,2023-03-15T17:53:07Z,https://i.ytimg.com/vi/9hQiyFkm3qc/default.jpg,15,288,2123,PT4H36M45S,2023-03-15T12:56:35Z,2023-03-15T17:33:20Z,2023-03-15T12:56:21Z,['https://en.wikipedia.org/wiki/Lifestyle_(sociology)']
AWvzKppvCuE,UCaIrY40rwEf51POKMybW-Eg,Kh√°m RƒÉng Kh√¥ng ?  | Valorant | NIKA LAN LINH,2023-03-13T02:19:50Z,https://i.ytimg.com/vi/AWvzKppvCuE/default.jpg,5,200,1339,PT1H29M49S,2023-03-12T12:16:02Z,2023-03-12T13:45:49Z,2023-03-12T12:15:51Z,"['https://en.wikipedia.org/wiki/Action-adventure_game', 'https://en.wikipedia.org/wiki/Action_game', 'https://en.wikipedia.org/wiki/Role-playing_video_game', 'https://en.wikipedia.org/wiki/Video_game_culture']"
kltIyJ99ARI,UCaIrY40rwEf51POKMybW-Eg,Th·ª≠ th√°ch nh·∫£y d√π l·ª•m ve chai v·ªõi con game c·ª±c kh√≥ | RUST | NIKA LAN LINH,2023-03-11T19:29:03Z,https://i.ytimg.com/vi/kltIyJ99ARI/default.jpg,2,263,1814,PT4H17M48S,2023-03-11T12:00:47Z,2023-03-11T16:18:36Z,2023-03-11T12:00:34Z,"['https://en.wikipedia.org/wiki/Action-adventure_game', 'https://en.wikipedia.org/wiki/Action_game', 'https://en.wikipedia.org/wiki/Role-playing_video_game', 'https://en.wikipedia.org/wiki/Video_game_culture']"
x1y3fbhQ3vs,UCaIrY40rwEf51POKMybW-Eg,T√≠ch tr·ªØ l∆∞∆°ng th·ª±c v√† v∆∞·ª£t qua c∆°n ƒë√≥i c√πng Thi√™n 3Di v√† Luvyie | Don't Starve | NIKA LAN LINH,2023-03-09T17:54:35Z,https://i.ytimg.com/vi/x1y3fbhQ3vs/default.jpg,5,279,1751,PT2H53M43S,2023-03-09T13:30:04Z,2023-03-09T16:23:44Z,2023-03-09T13:29:52Z,"['https://en.wikipedia.org/wiki/Action-adventure_game', 'https://en.wikipedia.org/wiki/Action_game', 'https://en.wikipedia.org/wiki/Role-playing_video_game', 'https://en.wikipedia.org/wiki/Strategy_video_game', 'https://en.wikipedia.org/wiki/Video_game_culture']"
YNCgCoQq5OE,UCaIrY40rwEf51POKMybW-Eg,"Ch√∫c c√°c b·∫°n n·ªØ m·ªôt ng√†y l·ªÖ tuy·ªát v·ªùi, Ch√∫ng ta h·∫πn h√≤ ƒëi | Freetalk | NIKA LAN LINH",2023-03-08T17:36:36Z,https://i.ytimg.com/vi/YNCgCoQq5OE/default.jpg,4,345,2317,PT3H49M9S,2023-03-08T12:03:29Z,2023-03-08T15:52:39Z,2023-03-08T12:03:14Z,['https://en.wikipedia.org/wiki/Lifestyle_(sociology)']
ypg2jqCsOwg,UCaIrY40rwEf51POKMybW-Eg,D·∫´n b·∫°n Kanon ƒëi mu√¥n n∆°i | SONS OF THE FOREST | NIKA LAN LINH,2023-03-05T01:41:36Z,https://i.ytimg.com/vi/ypg2jqCsOwg/default.jpg,5,219,1619,PT1H25M39S,2023-03-04T12:01:03Z,2023-03-04T13:26:47Z,2023-03-04T12:00:50Z,"['https://en.wikipedia.org/wiki/Action-adventure_game', 'https://en.wikipedia.org/wiki/Action_game', 'https://en.wikipedia.org/wiki/Role-playing_video_game', 'https://en.wikipedia.org/wiki/Video_game_culture']"
jcVv68nZyZI,UCaIrY40rwEf51POKMybW-Eg,C√πng b·∫°n Kanon sinh t·ªìn c√πng ng∆∞·ªùi r·ª´ng | KaNon | SONS OF THE FOREST | NIKA LAN LINH,2023-03-03T16:19:55Z,https://i.ytimg.com/vi/jcVv68nZyZI/default.jpg,1,302,2221,PT3H34M9S,2023-03-03T12:03:15Z,2023-03-03T15:37:17Z,2023-03-03T12:02:58Z,"['https://en.wikipedia.org/wiki/Action-adventure_game', 'https://en.wikipedia.org/wiki/Action_game', 'https://en.wikipedia.org/wiki/Role-playing_video_game', 'https://en.wikipedia.org/wiki/Video_game_culture']"
8yE-0BI9odg,UCaIrY40rwEf51POKMybW-Eg,Game Kh√°m Ph√° ƒê·∫£o C·ª±c Chill | SONS OF THE FOREST | NIKA LAN LINH,2023-02-26T18:45:09Z,https://i.ytimg.com/vi/8yE-0BI9odg/default.jpg,6,377,2935,PT5H16M41S,2023-02-26T12:28:50Z,2023-02-26T17:46:40Z,2023-02-26T12:28:34Z,"['https://en.wikipedia.org/wiki/Action-adventure_game', 'https://en.wikipedia.org/wiki/Action_game', 'https://en.wikipedia.org/wiki/Role-playing_video_game', 'https://en.wikipedia.org/wiki/Video_game_culture']"
ujPn8ycxlS4,UCaIrY40rwEf51POKMybW-Eg,Li√™n li√™n li√™n li√™n... li√™n g√¨ nh·ªâ? | NIKA LAN LINH,2023-02-19T18:59:13Z,https://i.ytimg.com/vi/ujPn8ycxlS4/default.jpg,5,479,4604,PT4H18M42S,2023-02-19T12:03:39Z,2023-02-19T16:22:16Z,2023-02-19T12:03:27Z,"['https://en.wikipedia.org/wiki/Action_game', 'https://en.wikipedia.org/wiki/Role-playing_video_game', 'https://en.wikipedia.org/wiki/Strategy_video_game', 'https://en.wikipedia.org/wiki/Video_game_culture']"
7foBUDGB1yg,UCaIrY40rwEf51POKMybW-Eg,ƒê·∫∑c v·ª• ƒëa v≈© tr·ª• Lan Linh comeback n·ªï b√πm | VALORANT | NIKA LAN LINH,2023-02-17T17:56:25Z,https://i.ytimg.com/vi/7foBUDGB1yg/default.jpg,6,339,2710,PT5H41S,2023-02-17T12:00:43Z,2023-02-17T17:01:18Z,2023-02-17T12:00:08Z,"['https://en.wikipedia.org/wiki/Action_game', 'https://en.wikipedia.org/wiki/Role-playing_video_game', 'https://en.wikipedia.org/wiki/Video_game_culture']"
6rvEg_-SyyI,UCaIrY40rwEf51POKMybW-Eg,"Collab Uno c·ª±c cƒÉng c√πng Lan, Rumia v√† Ringo Hime | UNO | NIKA LAN LINH",2023-02-17T03:13:26Z,https://i.ytimg.com/vi/6rvEg_-SyyI/default.jpg,6,271,2006,PT1H40M56S,2023-02-16T13:11:14Z,2023-02-16T14:52:12Z,2023-02-16T13:11:00Z,['https://en.wikipedia.org/wiki/Video_game_culture']
F0XPih1lcdM,UCaIrY40rwEf51POKMybW-Eg,B√† Ho√†ng sinh t·ªìn v√† si√™u thi·ªán x·∫° | PUBG | NIKA LAN LINH,2023-02-15T17:00:14Z,https://i.ytimg.com/vi/F0XPih1lcdM/default.jpg,11,261,1562,PT3H27M29S,2023-02-15T12:00:09Z,2023-02-15T15:27:31Z,2023-02-15T11:59:25Z,"['https://en.wikipedia.org/wiki/Action-adventure_game', 'https://en.wikipedia.org/wiki/Action_game', 'https://en.wikipedia.org/wiki/Role-playing_video_game', 'https://en.wikipedia.org/wiki/Video_game_culture']"
baye0vUaX0o,UCaIrY40rwEf51POKMybW-Eg,Th·ªÉ hi·ªán l·∫°i kh·∫£ nƒÉng h·ªôi h·ªça pi-c√°t-x√¥-Linh n√® | GARTIC PHONE | NIKA LAN LINH,2023-02-14T16:25:02Z,https://i.ytimg.com/vi/baye0vUaX0o/default.jpg,3,299,2224,PT3H45M51S,2023-02-14T12:02:52Z,2023-02-14T15:48:39Z,2023-02-14T12:02:33Z,['https://en.wikipedia.org/wiki/Video_game_culture']
LbR_rn2RzUY,UCaIrY40rwEf51POKMybW-Eg,Tam sao th·∫•t b·∫£n ƒë∆°n gi·∫£n m√† ha ft. Linh Lan | GARTIC PHONE | NIKA LAN LINH,2023-02-12T16:06:24Z,https://i.ytimg.com/vi/LbR_rn2RzUY/default.jpg,3,225,1404,PT2H24M38S,2023-02-12T13:17:55Z,2023-02-12T15:42:39Z,2023-02-12T13:17:46Z,['https://en.wikipedia.org/wiki/Video_game_culture']
4NCub1qW7RM,UCaIrY40rwEf51POKMybW-Eg,D·∫´n em g√°i Lan ƒëi gh·∫πo m√≠ nh·ªè trong VR Chat | NIKA LAN LINH,2023-02-11T17:23:09Z,https://i.ytimg.com/vi/4NCub1qW7RM/default.jpg,2,291,1947,PT3H9M51S,2023-02-11T13:20:39Z,2023-02-11T16:30:25Z,2023-02-11T13:20:24Z,"['https://en.wikipedia.org/wiki/Action_game', 'https://en.wikipedia.org/wiki/Role-playing_video_game', 'https://en.wikipedia.org/wiki/Video_game_culture']"
8smTUBMTtPc,UCaIrY40rwEf51POKMybW-Eg,Gi√°o √Ån C·ª±c K·ª≥ L·∫° Cho  Kani ch∆°i Mobile Legend Bang Bang | MLBB | NIKA LAN LINH,2023-02-11T13:22:04Z,https://i.ytimg.com/vi/8smTUBMTtPc/default.jpg,1,27,199,PT43S,2023-02-11T13:19:35Z,2023-02-11T13:20:23Z,2023-02-11T13:19:23Z,['https://en.wikipedia.org/wiki/Video_game_culture']
kSwYdgJoeV4,UCaIrY40rwEf51POKMybW-Eg,Gi√°o √Ån C·ª±c K·ª≥ L·∫° Cho  Kani ch∆°i Mobile Legend Bang Bang | MLBB | NIKA LAN LINH,2023-02-10T18:28:24Z,https://i.ytimg.com/vi/kSwYdgJoeV4/default.jpg,1,255,1941,PT5H23M6S,2023-02-10T12:36:16Z,2023-02-10T17:59:21Z,2023-02-10T12:36:04Z,"['https://en.wikipedia.org/wiki/Action_game', 'https://en.wikipedia.org/wiki/Role-playing_video_game', 'https://en.wikipedia.org/wiki/Strategy_video_game', 'https://en.wikipedia.org/wiki/Video_game_culture']"
uVe_PSuvrzU,UCaIrY40rwEf51POKMybW-Eg,M·ªçi ng∆∞·ªùi ∆°i v√†o xem Linh ch∆°i x·∫øp h√¨nh n√® | Freetalk | NIKA LAN LINH,2023-02-07T18:28:20Z,https://i.ytimg.com/vi/uVe_PSuvrzU/default.jpg,3,367,2509,PT4H44M49S,2023-02-07T12:46:24Z,2023-02-07T17:31:15Z,2023-02-07T12:46:12Z,[]
_FIAD8UZi6E,UCaIrY40rwEf51POKMybW-Eg,H√¥m nay ƒë·∫øn l∆∞·ª£t nh·ªè Lan b·∫≠n n√™n m√¨nh t√¢m s·ª± th√¥i | FREETALK | NIKA LAN LINH,2023-02-04T03:35:28Z,https://i.ytimg.com/vi/_FIAD8UZi6E/default.jpg,4,311,2005,PT2H46M43S,2023-02-03T12:15:11Z,2023-02-03T15:01:58Z,2023-02-03T12:14:59Z,[]
rc013Ml3fsE,UCaIrY40rwEf51POKMybW-Eg,T√°m Chuy·ªán Sau T·∫øt N√†o | FreeTalk | NIKA LAN LINH,2023-01-29T15:39:00Z,https://i.ytimg.com/vi/rc013Ml3fsE/default.jpg,4,295,1871,PT1H58M24S,2023-01-29T13:11:45Z,2023-01-29T15:10:08Z,2023-01-29T13:11:28Z,['https://en.wikipedia.org/wiki/Lifestyle_(sociology)']
2fEgHeb6No8,UCaIrY40rwEf51POKMybW-Eg,Th·∫ßn B√†i Mi·ªÅn T√¢y Nh·∫ßm Th·∫ßy B√≥i Lan Linh | Handcam | NIKA LAN LINH,2023-01-24T20:01:15Z,https://i.ytimg.com/vi/2fEgHeb6No8/default.jpg,5,439,3641,PT5H47M55S,2023-01-24T12:49:42Z,2023-01-24T18:37:41Z,2023-01-24T12:49:30Z,['https://en.wikipedia.org/wiki/Video_game_culture']
vxZwfnUelYU,UCaIrY40rwEf51POKMybW-Eg,M·ª´ng T·∫æT ƒê·∫øn V√† L·ªôc ƒê·∫øn Nh√† Nh√†  | Talkshow | NIKA LAN LINH,2023-01-23T04:31:15Z,https://i.ytimg.com/vi/vxZwfnUelYU/default.jpg,5,325,2549,PT3H32M47S,2023-01-22T12:33:39Z,2023-01-22T16:06:27Z,2023-01-22T12:33:24Z,[]
6pNmx7N7U9U,UCaIrY40rwEf51POKMybW-Eg,"Ti·∫øng Anh Ti·∫øng Em, Hello Hao A Diu? ft.Misora Kanon | NIKA LAN LINH",2023-01-21T03:06:43Z,https://i.ytimg.com/vi/6pNmx7N7U9U/default.jpg,5,252,1612,PT1H22M26S,2023-01-20T13:33:26Z,2023-01-20T14:55:57Z,2023-01-20T13:33:09Z,['https://en.wikipedia.org/wiki/Music']
A7cDAqhFoJI,UCaIrY40rwEf51POKMybW-Eg,Kani v·∫Ω Cua l√†m Kani v√† Linh reaction l·∫°i Cua c·ªßa Kani ƒë√≥ | NIKA LAN LINH,2023-01-14T19:30:30Z,https://i.ytimg.com/vi/A7cDAqhFoJI/default.jpg,6,313,2484,PT4H18M30S,2023-01-14T12:21:22Z,2023-01-14T16:39:49Z,2023-01-14T12:21:06Z,['https://en.wikipedia.org/wiki/Video_game_culture']
7-EcQ7iZjWE,UCaIrY40rwEf51POKMybW-Eg,C√πng Linh ƒëi t√¨m Cua Shopee g√©t g√¥ | FREETALK | NIKA LAN LINH,2023-01-11T18:17:42Z,https://i.ytimg.com/vi/7-EcQ7iZjWE/default.jpg,5,401,3233,PT4H43M8S,2023-01-11T13:00:58Z,2023-01-11T17:44:10Z,2023-01-11T13:00:45Z,['https://en.wikipedia.org/wiki/Lifestyle_(sociology)']
JVSoGzWww7k,UCaIrY40rwEf51POKMybW-Eg,Kani v·∫Ω Cua l√†m Kani v√† Linh reaction l·∫°i Cua c·ªßa Kani ƒë√≥ | NIKA LAN LINH,2023-01-08T19:49:46Z,https://i.ytimg.com/vi/JVSoGzWww7k/default.jpg,4,365,2878,PT3H26M52S,2023-01-08T12:01:34Z,2023-01-08T15:28:27Z,2023-01-08T12:00:52Z,['https://en.wikipedia.org/wiki/Video_game_culture']
pGkyN0emQxc,UCaIrY40rwEf51POKMybW-Eg,ƒê·ª´ng ch·∫øt ƒë√≥i khi ·ªü c√πng Linh v√† Kanon | Don't Starve Together | NIKA LAN LINH,2023-01-08T04:08:29Z,https://i.ytimg.com/vi/pGkyN0emQxc/default.jpg,6,325,2157,PT2H44M10S,2023-01-07T13:01:54Z,2023-01-07T15:45:59Z,2023-01-07T13:01:12Z,"['https://en.wikipedia.org/wiki/Action-adventure_game', 'https://en.wikipedia.org/wiki/Action_game', 'https://en.wikipedia.org/wiki/Role-playing_video_game', 'https://en.wikipedia.org/wiki/Video_game_culture']"
gQUTegG7gnI,UCaIrY40rwEf51POKMybW-Eg,Linh v√† nh·ªØng c√¢u chuy·ªán l·∫° l√πng ƒë·∫ßu nƒÉm | FREETALK | NIKA LAN LINH,2023-01-05T17:18:31Z,https://i.ytimg.com/vi/gQUTegG7gnI/default.jpg,3,377,2694,PT4H28M,2023-01-05T12:00:40Z,2023-01-05T16:28:37Z,2023-01-05T12:00:18Z,[]
H2d_8xy13gA,UCaIrY40rwEf51POKMybW-Eg,Ti·ªác Countdown 2023 c√πng anh em t·∫°i VR Chat | NIKA LAN LINH,2022-12-31T20:50:28Z,https://i.ytimg.com/vi/H2d_8xy13gA/default.jpg,5,388,3673,PT5H16M9S,2022-12-31T14:06:12Z,2022-12-31T19:22:22Z,2022-12-31T14:05:58Z,"['https://en.wikipedia.org/wiki/Action-adventure_game', 'https://en.wikipedia.org/wiki/Role-playing_video_game', 'https://en.wikipedia.org/wiki/Video_game_culture']"
i_U6j1u2_Fo,UCaIrY40rwEf51POKMybW-Eg,B·ªô ƒë√¥i Song Long c·ªßa Nijigen ti·∫øp t·ª•c c√†n qu√©t | Valorant | NIKA LAN LINH,2022-12-30T17:30:56Z,https://i.ytimg.com/vi/i_U6j1u2_Fo/default.jpg,4,412,3535,PT5H1M27S,2022-12-30T12:02:14Z,2022-12-30T17:03:44Z,2022-12-30T12:02:00Z,"['https://en.wikipedia.org/wiki/Action_game', 'https://en.wikipedia.org/wiki/Role-playing_video_game', 'https://en.wikipedia.org/wiki/Video_game_culture']"
epa1UVCji-U,UCaIrY40rwEf51POKMybW-Eg,T·ªïng h·ª£p l·∫°i m·ªôt nƒÉm b√°o nh√† Nika v√† c√¥ng ty | Talkshow | NIKA LAN LINH,2022-12-29T18:49:59Z,https://i.ytimg.com/vi/epa1UVCji-U/default.jpg,5,434,3559,PT5H1M26S,2022-12-29T13:02:44Z,2022-12-29T18:04:10Z,2022-12-29T13:02:31Z,['https://en.wikipedia.org/wiki/Video_game_culture']
IOJSu6U31yo,UCaIrY40rwEf51POKMybW-Eg,L·∫≠p t·ªï ƒë·ªôi ƒÉn g√† c√πng b√† ho√†ng h·ªôi ch·ª£ Misora Kanon | PUBG | NIKA LAN LINH,2022-12-27T15:41:31Z,https://i.ytimg.com/vi/IOJSu6U31yo/default.jpg,5,371,3118,PT2H52M58S,2022-12-27T12:32:37Z,2022-12-27T15:25:33Z,2022-12-27T12:32:25Z,"['https://en.wikipedia.org/wiki/Action-adventure_game', 'https://en.wikipedia.org/wiki/Action_game', 'https://en.wikipedia.org/wiki/Role-playing_video_game', 'https://en.wikipedia.org/wiki/Video_game_culture']"
7g8bvt2pmew,UCaIrY40rwEf51POKMybW-Eg,ƒê√≥n Gi√°ng Sinh C√πng Linh  | VRCHAT | NIKA LAN LINH,2022-12-25T17:32:19Z,https://i.ytimg.com/vi/7g8bvt2pmew/default.jpg,10,569,5404,PT5H13M45S,2022-12-25T12:00:47Z,2022-12-25T17:14:25Z,2022-12-25T12:00:30Z,"['https://en.wikipedia.org/wiki/Action-adventure_game', 'https://en.wikipedia.org/wiki/Role-playing_video_game', 'https://en.wikipedia.org/wiki/Video_game_culture']"
ohG9yPOj4eY,UCaIrY40rwEf51POKMybW-Eg,ƒê·ªÉ xem c·∫£ nh√† Kani t·∫∑ng qu√† Gi√°ng Sinh g√¨ cho Linh n√†o? | Handcam | NIKA LAN LINH,2022-12-22T19:44:44Z,https://i.ytimg.com/vi/ohG9yPOj4eY/default.jpg,6,471,4044,PT5H43M53S,2022-12-22T13:35:40Z,2022-12-22T19:19:33Z,2022-12-22T13:35:29Z,[]
4NDKtq1gZGg,UCaIrY40rwEf51POKMybW-Eg,"ƒê·ªÉ Linh ""spoil"" emotes mbs nh√© | Talkshow | NIKA LAN LINH",2022-12-18T19:05:13Z,https://i.ytimg.com/vi/4NDKtq1gZGg/default.jpg,9,459,4203,PT6H41M12S,2022-12-18T12:00:58Z,2022-12-18T18:42:11Z,2022-12-18T12:00:47Z,['https://en.wikipedia.org/wiki/Video_game_culture']
MCLszVfx4jc,UCaIrY40rwEf51POKMybW-Eg,Th·ª≠ th√°ch b·∫Øn Valorant ƒÉn me c√πng anh Sin | VALORANT | NIKA LAN LINH,2022-12-17T17:59:21Z,https://i.ytimg.com/vi/MCLszVfx4jc/default.jpg,12,404,3460,PT5H3M43S,2022-12-17T12:31:32Z,2022-12-17T17:35:13Z,2022-12-17T12:31:21Z,"['https://en.wikipedia.org/wiki/Action_game', 'https://en.wikipedia.org/wiki/Role-playing_video_game', 'https://en.wikipedia.org/wiki/Video_game_culture']"
j0TVl4NfyGU,UCaIrY40rwEf51POKMybW-Eg,ƒÇn K·∫πo C√πng Cua N√†o... Cu·ªëi NƒÉm R·ªìi Ch√∫ng Ta ƒê·∫°t ƒê∆∞·ª£c G√¨ N√†o.... | MARSHMALLOW | NIKA LAN LINH,2022-12-15T17:15:44Z,https://i.ytimg.com/vi/j0TVl4NfyGU/default.jpg,10,358,2456,PT4H54M,2022-12-15T12:01:42Z,2022-12-15T16:55:42Z,2022-12-15T12:00:42Z,['https://en.wikipedia.org/wiki/Lifestyle_(sociology)']
TMAm3ThMYYA,UCaIrY40rwEf51POKMybW-Eg,Bu·ªïi ph·∫©u thu·∫≠t b·∫•t ·ªïn c√πng ƒë·ªìng nghi·ªáp Akatsuki Ban Mai | Surgeon Simulator 2 | NIKA LAN LINH,2022-12-11T15:52:36Z,https://i.ytimg.com/vi/TMAm3ThMYYA/default.jpg,8,398,2753,PT2H21M24S,2022-12-11T13:19:28Z,2022-12-11T15:40:50Z,2022-12-11T13:19:17Z,"['https://en.wikipedia.org/wiki/Action-adventure_game', 'https://en.wikipedia.org/wiki/Action_game', 'https://en.wikipedia.org/wiki/Role-playing_video_game', 'https://en.wikipedia.org/wiki/Video_game_culture']"
xc2RhrK50Ko,UCaIrY40rwEf51POKMybW-Eg,B√† ho√†ng game VR quay tr·ªü l·∫°i v·ªõi con game chi·∫øn | HalfLife Alyx | NIKA LAN LINH,2022-12-10T14:54:00Z,https://i.ytimg.com/vi/xc2RhrK50Ko/default.jpg,7,318,2233,PT2H33M42S,2022-12-10T12:01:38Z,2022-12-10T14:35:24Z,2022-12-10T12:01:26Z,"['https://en.wikipedia.org/wiki/Action-adventure_game', 'https://en.wikipedia.org/wiki/Action_game', 'https://en.wikipedia.org/wiki/Role-playing_video_game', 'https://en.wikipedia.org/wiki/Video_game_culture']"
hkKCXXLbSB4,UCaIrY40rwEf51POKMybW-Eg,8 30s n√†o| NIKA LAN LINH,2022-12-09T16:17:29Z,https://i.ytimg.com/vi/hkKCXXLbSB4/default.jpg,6,359,2402,PT2H28M,2022-12-09T13:40:34Z,2022-12-09T16:08:33Z,2022-12-09T13:40:21Z,['https://en.wikipedia.org/wiki/Lifestyle_(sociology)']
xvq7PNCJDq0,UCaIrY40rwEf51POKMybW-Eg,1 2 3 ƒë·∫øm xem nay Linh ƒÉn bao nhiu c√°i k·∫πo d·∫ªo | MARSHMALLOW | NIKA LAN LINH,2022-12-08T17:40:22Z,https://i.ytimg.com/vi/xvq7PNCJDq0/default.jpg,12,396,2847,PT3H19M49S,2022-12-08T12:00:41Z,2022-12-08T15:20:25Z,2022-12-08T12:00:27Z,['https://en.wikipedia.org/wiki/Lifestyle_(sociology)']
njynszUJ3BU,UCaIrY40rwEf51POKMybW-Eg,Nika Lan Linh Padoru #shorts,2022-12-07T12:00:34Z,https://i.ytimg.com/vi/njynszUJ3BU/default.jpg,44,468,3016,PT11S,,,,"['https://en.wikipedia.org/wiki/Entertainment', 'https://en.wikipedia.org/wiki/Film']"
kQye8j3o_Xw,UCaIrY40rwEf51POKMybW-Eg,ƒê·∫ßu th√°ng c√≥ g√¨ vui? | Freetalk | NIKA LAN LINH,2022-12-03T15:36:28Z,https://i.ytimg.com/vi/kQye8j3o_Xw/default.jpg,10,453,3589,PT3H20M14S,2022-12-03T11:59:57Z,2022-12-03T15:20:07Z,2022-12-03T11:59:47Z,['https://en.wikipedia.org/wiki/Video_game_culture']
RbZrxXQxTmE,UCaIrY40rwEf51POKMybW-Eg,L·∫ßn ƒë·∫ßu l√†m ƒë·∫∑c v·ª• Valorant b·∫•t ·ªïn | VALORANT | NIKA LAN LINH,2022-12-02T16:40:08Z,https://i.ytimg.com/vi/RbZrxXQxTmE/default.jpg,12,453,3690,PT4H11M52S,2022-12-02T12:01:12Z,2022-12-02T16:13:00Z,2022-12-02T12:01:02Z,"['https://en.wikipedia.org/wiki/Action_game', 'https://en.wikipedia.org/wiki/Role-playing_video_game', 'https://en.wikipedia.org/wiki/Video_game_culture']"
powdZzM2_NM,UCaIrY40rwEf51POKMybW-Eg,M·ªôt chi·∫øc Stream cu·ªëi th√°ng... Linh kh√¥ng n√≥i l√† nh·ªõ Cua ƒë√¢u...| NIKA LAN LINH,2022-11-30T15:40:05Z,https://i.ytimg.com/vi/powdZzM2_NM/default.jpg,10,456,2664,PT2H44M47S,2022-11-30T12:16:19Z,2022-11-30T15:01:08Z,2022-11-30T12:16:03Z,['https://en.wikipedia.org/wiki/Video_game_culture']
c5eGxGtvQms,UCaIrY40rwEf51POKMybW-Eg,Ai l√† ch·ªã ai l√† em li·ªáu c√≥ thay ƒë·ªïi | NIKA LAN LINH & NIKA LINH LAN,2022-11-27T15:36:49Z,https://i.ytimg.com/vi/c5eGxGtvQms/default.jpg,4,591,6315,PT2H51M58S,2022-11-27T12:35:17Z,2022-11-27T15:27:12Z,2022-11-27T12:35:04Z,['https://en.wikipedia.org/wiki/Lifestyle_(sociology)']
CJV4Z8LGxEg,UCaIrY40rwEf51POKMybW-Eg,Ui cha qua c·ªßa m·ªçi ng∆∞·ªùi nhi·ªÅu v·∫≠y sao | NIKA LAN LINH,2022-11-26T15:59:10Z,https://i.ytimg.com/vi/CJV4Z8LGxEg/default.jpg,3,406,3210,PT3H44M54S,2022-11-26T12:01:56Z,2022-11-26T15:46:51Z,2022-11-26T12:01:45Z,['https://en.wikipedia.org/wiki/Lifestyle_(sociology)']
uQr-j6q872E,UCaIrY40rwEf51POKMybW-Eg,H·ªçc Sinh L·ªõp L√° V·∫Ω N√® | NIKA LAN LINH,2022-11-24T14:57:48Z,https://i.ytimg.com/vi/uQr-j6q872E/default.jpg,9,372,2683,PT2H43M42S,2022-11-24T12:01:42Z,2022-11-24T14:45:17Z,2022-11-24T12:01:27Z,['https://en.wikipedia.org/wiki/Lifestyle_(sociology)']
ofxFMan6lO0,UCaIrY40rwEf51POKMybW-Eg,V·ªã vua d√¢n t·ªï comeback c·ª±c m·∫°nh c√πng m√†n debut SuperChat | NfsHeat | NIKA LAN LINH,2022-11-20T16:07:34Z,https://i.ytimg.com/vi/ofxFMan6lO0/default.jpg,8,382,3163,PT2H30M7S,2022-11-20T13:06:52Z,2022-11-20T15:37:02Z,2022-11-20T13:06:35Z,['https://en.wikipedia.org/wiki/Video_game_culture']
lYr602U5QXU,UCaIrY40rwEf51POKMybW-Eg,V·ªã vua d√¢n t·ªï comeback c·ª±c m·∫°nh c√πng m√†n debut SuperChat | NfsHeat | NIKA LAN LINH,2022-11-20T13:05:44Z,https://i.ytimg.com/vi/lYr602U5QXU/default.jpg,2,124,819,PT10M11S,2022-11-20T12:53:27Z,2022-11-20T13:03:40Z,2022-11-20T12:53:14Z,"['https://en.wikipedia.org/wiki/Puzzle_video_game', 'https://en.wikipedia.org/wiki/Video_game_culture']"
CywfS__Fbiw,UCaIrY40rwEf51POKMybW-Eg,V·ªã vua d√¢n t·ªï comeback c·ª±c m·∫°nh c√πng m√†n debut SuperChat | NfsHeat | NIKA LAN LINH,2022-11-20T12:48:35Z,https://i.ytimg.com/vi/CywfS__Fbiw/default.jpg,3,198,1157,PT34M7S,2022-11-20T12:01:47Z,2022-11-20T12:35:57Z,2022-11-20T12:01:34Z,['https://en.wikipedia.org/wiki/Video_game_culture']
nz_uBa1A3BA,UCaIrY40rwEf51POKMybW-Eg,ƒê·ªëi ƒë·∫ßu Misora Kanon b·∫±ng chi·∫øn l∆∞·ª£c b·∫•t ƒë·ªông s·∫£n si√™u vƒ© m√¥ | Business Tour | NIKA LAN LINH,2022-11-19T15:29:51Z,https://i.ytimg.com/vi/nz_uBa1A3BA/default.jpg,7,494,4360,PT3H12M19S,2022-11-19T12:01:27Z,2022-11-19T15:13:48Z,2022-11-19T12:01:12Z,"['https://en.wikipedia.org/wiki/Casual_game', 'https://en.wikipedia.org/wiki/Video_game_culture']"
vOV4pwD6bzQ,UCaIrY40rwEf51POKMybW-Eg,M·∫•y nh·ªè kia k·ªÉ Linh nghe xem ƒëi fes c√≥ vui kh√¥ng n√†o? | NIKA LAN LINH,2022-11-17T13:51:28Z,https://i.ytimg.com/vi/vOV4pwD6bzQ/default.jpg,7,286,2106,PT1H43M24S,2022-11-17T12:01:05Z,2022-11-17T13:44:29Z,2022-11-17T12:00:52Z,"['https://en.wikipedia.org/wiki/Entertainment', 'https://en.wikipedia.org/wiki/Film']"
ab6HVdSzFQg,UCaIrY40rwEf51POKMybW-Eg,7 8 9 v·ªõi Linh n√†o....,2022-11-12T11:27:23Z,https://i.ytimg.com/vi/ab6HVdSzFQg/default.jpg,12,325,2109,PT1H5M56S,2022-11-12T10:15:33Z,2022-11-12T11:21:30Z,2022-11-12T10:15:18Z,['https://en.wikipedia.org/wiki/Video_game_culture']
5LJmCk0X0Lo,UCaIrY40rwEf51POKMybW-Eg,L√¢u ng√†y kh√¥ng g·∫∑p h√¥m nay ta h·∫πn tr√™n VR Chat nh√© | NIKA LAN LINH,2022-11-11T13:56:10Z,https://i.ytimg.com/vi/5LJmCk0X0Lo/default.jpg,7,364,2749,PT1H45M8S,2022-11-11T12:01:20Z,2022-11-11T13:46:29Z,2022-11-11T12:01:04Z,"['https://en.wikipedia.org/wiki/Action-adventure_game', 'https://en.wikipedia.org/wiki/Action_game', 'https://en.wikipedia.org/wiki/Role-playing_video_game', 'https://en.wikipedia.org/wiki/Video_game_culture']"
H0SLzW6lP8I,UCaIrY40rwEf51POKMybW-Eg,Ch√†o bu·ªïi s√°ng!,2022-11-10T11:24:08Z,https://i.ytimg.com/vi/H0SLzW6lP8I/default.jpg,21,312,1859,PT43M34S,2022-11-09T22:37:52Z,2022-11-09T23:21:28Z,2022-11-09T22:30:00Z,['https://en.wikipedia.org/wiki/Video_game_culture']
pftrIB63M_Y,UCaIrY40rwEf51POKMybW-Eg,K·∫πo d·∫ªo nhi·ªÅu qu√° h√¥m nay l·∫°i ƒÉn ti·∫øp th√¥i | MARSHMALLOW | NIKA LAN LINH,2022-11-09T17:25:23Z,https://i.ytimg.com/vi/pftrIB63M_Y/default.jpg,9,632,4576,PT5H42S,2022-11-09T12:01:29Z,2022-11-09T17:02:48Z,2022-11-09T12:00:31Z,['https://en.wikipedia.org/wiki/Lifestyle_(sociology)']
VMf5dR12vNA,UCaIrY40rwEf51POKMybW-Eg,Th·ª≠ th√°ch n√†o s·∫Ω ch·ªù ƒë·ª£i Linh ng√†y h√¥m nay? | Lucky Wheel | NIKA LAN LINH,2022-11-06T14:30:44Z,https://i.ytimg.com/vi/VMf5dR12vNA/default.jpg,10,413,3383,PT2H19M48S,2022-11-06T11:59:54Z,2022-11-06T14:19:38Z,2022-11-06T11:59:39Z,[]
9Occw380HNM,UCaIrY40rwEf51POKMybW-Eg,Gi√°o √°n 0/18 qu√° d·ªÖ v·ªõi Linh | Mobile Legend Bang Bang | NIKA LAN LINH,2022-11-06T03:19:34Z,https://i.ytimg.com/vi/9Occw380HNM/default.jpg,9,384,3039,PT3H1M37S,2022-11-05T12:03:10Z,2022-11-05T15:04:46Z,2022-11-05T12:02:55Z,"['https://en.wikipedia.org/wiki/Action_game', 'https://en.wikipedia.org/wiki/Role-playing_video_game', 'https://en.wikipedia.org/wiki/Strategy_video_game', 'https://en.wikipedia.org/wiki/Video_game_culture']"
_oeD4Lj7GNU,UCaIrY40rwEf51POKMybW-Eg,Chi·∫øn th·∫ßn cu·ªëc ƒë·∫•t ƒë√£ quay tr·ªü l·∫°i | Getting Over It | NIKA LAN LINH,2022-11-03T13:58:38Z,https://i.ytimg.com/vi/_oeD4Lj7GNU/default.jpg,15,359,2881,PT1H49M40S,2022-11-03T12:00:37Z,2022-11-03T13:50:10Z,2022-11-03T12:00:22Z,"['https://en.wikipedia.org/wiki/Action-adventure_game', 'https://en.wikipedia.org/wiki/Action_game', 'https://en.wikipedia.org/wiki/Role-playing_video_game', 'https://en.wikipedia.org/wiki/Video_game_culture']"
zF2Nu0Lkyzk,UCaIrY40rwEf51POKMybW-Eg,√ö √≤a... chuy·ªán ma fan k·ªÉ | Freetalk | NIKA LAN LINH,2022-10-30T16:05:54Z,https://i.ytimg.com/vi/zF2Nu0Lkyzk/default.jpg,10,524,3806,PT3H49M5S,2022-10-30T12:02:37Z,2022-10-30T15:51:45Z,2022-10-30T12:02:23Z,[]
kX00clVglzk,UCaIrY40rwEf51POKMybW-Eg,√ö √≤a... chuy·ªán ma fan k·ªÉ | Freetalk | NIKA LAN LINH,2022-10-30T15:54:16Z,https://i.ytimg.com/vi/kX00clVglzk/default.jpg,20,112,675,PT14S,2022-10-30T15:52:54Z,2022-10-30T15:53:06Z,2022-10-30T15:52:37Z,[]
iGfV1vXYg_0,UCaIrY40rwEf51POKMybW-Eg,ƒÇn K·∫πo Hay b·ªã Gh·∫πo | MARSHMALLOW | NIKA LAN LINH,2022-10-26T14:36:50Z,https://i.ytimg.com/vi/iGfV1vXYg_0/default.jpg,14,409,2932,PT2H10M35S,2022-10-26T12:15:37Z,2022-10-26T14:26:11Z,2022-10-26T12:15:27Z,"['https://en.wikipedia.org/wiki/Entertainment', 'https://en.wikipedia.org/wiki/Film']"
0BZ8y9CzUVY,UCaIrY40rwEf51POKMybW-Eg,H·ªßy di·ªát Zombie b·∫±ng s·ª©c m·∫°nh Veggie | PvZ Garden Warfare | NIKA LAN LINH,2022-10-22T15:29:10Z,https://i.ytimg.com/vi/0BZ8y9CzUVY/default.jpg,11,458,3333,PT3H10M8S,2022-10-22T12:02:14Z,2022-10-22T15:12:22Z,2022-10-22T12:02:04Z,"['https://en.wikipedia.org/wiki/Action-adventure_game', 'https://en.wikipedia.org/wiki/Action_game', 'https://en.wikipedia.org/wiki/Role-playing_video_game', 'https://en.wikipedia.org/wiki/Strategy_video_game', 'https://en.wikipedia.org/wiki/Video_game_culture']"
ZFyEbgce0cE,UCaIrY40rwEf51POKMybW-Eg,C·∫∑p ƒë√¥i song long c·ªßa Nijigen ƒÉn ch·∫Øc Top 1 | PUBG | NIKA LAN LINH,2022-10-21T16:48:16Z,https://i.ytimg.com/vi/ZFyEbgce0cE/default.jpg,8,466,3842,PT3H1M57S,2022-10-21T13:31:42Z,2022-10-21T16:33:39Z,2022-10-21T13:31:32Z,"['https://en.wikipedia.org/wiki/Action-adventure_game', 'https://en.wikipedia.org/wiki/Action_game', 'https://en.wikipedia.org/wiki/Role-playing_video_game', 'https://en.wikipedia.org/wiki/Strategy_video_game', 'https://en.wikipedia.org/wiki/Video_game_culture']"
55C0k-Kxb0c,UCaIrY40rwEf51POKMybW-Eg,ƒêua xe tr√°y ph·ªë | Need for Speed Heat | NIKA LAN LINH,2022-10-18T15:39:05Z,https://i.ytimg.com/vi/55C0k-Kxb0c/default.jpg,8,473,3392,PT2H51M44S,2022-10-18T12:30:36Z,2022-10-18T15:22:20Z,2022-10-18T12:30:25Z,"['https://en.wikipedia.org/wiki/Action-adventure_game', 'https://en.wikipedia.org/wiki/Action_game', 'https://en.wikipedia.org/wiki/Racing_video_game', 'https://en.wikipedia.org/wiki/Video_game_culture']"
Bi83fbM1wP4,UCaIrY40rwEf51POKMybW-Eg,T·∫≠p h√°t v·ªõi Linh h√¥ng m·∫•y b·∫°n cua? | KARAOKE | NIKA LAN LINH,2022-10-15T16:42:00Z,https://i.ytimg.com/vi/Bi83fbM1wP4/default.jpg,7,602,5074,PT4H1M28S,2022-10-15T11:59:35Z,2022-10-15T16:01:01Z,2022-10-15T11:59:24Z,"['https://en.wikipedia.org/wiki/Entertainment', 'https://en.wikipedia.org/wiki/Film']"
LMM1-HCANcA,UCaIrY40rwEf51POKMybW-Eg,C√πng xem c√°c Cua tr·ªï t√†i h·ªça sƒ© v·∫Ω Linart n√†o | Talkshow | NIKA LAN LINH,2022-10-14T16:22:08Z,https://i.ytimg.com/vi/LMM1-HCANcA/default.jpg,13,573,4292,PT4H3M46S,2022-10-14T12:00:24Z,2022-10-14T16:04:09Z,2022-10-14T12:00:10Z,"['https://en.wikipedia.org/wiki/Entertainment', 'https://en.wikipedia.org/wiki/Film']"
NDqPj8qpV2o,UCaIrY40rwEf51POKMybW-Eg,Zombie ƒë√¥ng th·∫ø n√†o ch·ªã em tui c≈©ng ch·∫•p h·∫øt | Plants vs Zombie GW | NIKA LAN LINH,2022-10-12T16:45:12Z,https://i.ytimg.com/vi/NDqPj8qpV2o/default.jpg,10,664,5874,PT3H29M46S,2022-10-12T13:01:08Z,2022-10-12T16:30:55Z,2022-10-12T13:00:53Z,['https://en.wikipedia.org/wiki/Video_game_culture']
GV4WYhVOTGM,UCaIrY40rwEf51POKMybW-Eg,Gi√°o √Ån m·ªõi cho Kani ch∆°i Mobile Legend Bang Bang | MLBB | NIKA LAN LINH,2022-10-11T16:36:01Z,https://i.ytimg.com/vi/GV4WYhVOTGM/default.jpg,11,523,4372,PT3H25M10S,2022-10-11T12:47:51Z,2022-10-11T16:12:59Z,2022-10-11T12:47:37Z,"['https://en.wikipedia.org/wiki/Action_game', 'https://en.wikipedia.org/wiki/Role-playing_video_game', 'https://en.wikipedia.org/wiki/Strategy_video_game', 'https://en.wikipedia.org/wiki/Video_game_culture']"
xpl7vSXUUJU,UCaIrY40rwEf51POKMybW-Eg,Gi√°o √Ån m·ªõi cho Kani ch∆°i Mobile Legend Bang Bang | MLBB | NIKA LAN LINH,2022-10-11T12:52:15Z,https://i.ytimg.com/vi/xpl7vSXUUJU/default.jpg,11,318,2088,PT46M30S,2022-10-11T12:00:18Z,2022-10-11T12:46:53Z,2022-10-11T12:00:04Z,"['https://en.wikipedia.org/wiki/Action_game', 'https://en.wikipedia.org/wiki/Role-playing_video_game', 'https://en.wikipedia.org/wiki/Strategy_video_game', 'https://en.wikipedia.org/wiki/Video_game_culture']"
Q2OlUuSB3zc,UCaIrY40rwEf51POKMybW-Eg,Cu·ªëi tu·∫ßn l√† ph·∫£i ƒÉn Cua v·ªõi K·∫πo D·∫ªo | MARSHMALLOW | NIKA LAN LINH,2022-10-09T17:37:42Z,https://i.ytimg.com/vi/Q2OlUuSB3zc/default.jpg,26,754,6544,PT5H8M36S,2022-10-09T12:01:45Z,2022-10-09T17:10:19Z,2022-10-09T12:01:35Z,['https://en.wikipedia.org/wiki/Lifestyle_(sociology)']
KQiZg6vUj5I,UCaIrY40rwEf51POKMybW-Eg,Chi·∫øn binh b·∫£o v·ªá th·∫ø gi·ªõi m·ªõi | OVERWATCH 2 | NIKA LAN LINH,2022-10-08T15:20:08Z,https://i.ytimg.com/vi/KQiZg6vUj5I/default.jpg,8,528,3658,PT2H53M47S,2022-10-08T12:04:36Z,2022-10-08T14:58:20Z,2022-10-08T12:04:27Z,"['https://en.wikipedia.org/wiki/Action_game', 'https://en.wikipedia.org/wiki/Role-playing_video_game', 'https://en.wikipedia.org/wiki/Strategy_video_game', 'https://en.wikipedia.org/wiki/Video_game_culture']"
imtdlgPuOWU,UCaIrY40rwEf51POKMybW-Eg,T·ªï l√°i ph√° ƒë·∫£o m·ªçi cung ƒë∆∞·ªùng | NFS HEAT | NIKA LAN LINH,2022-10-06T15:03:21Z,https://i.ytimg.com/vi/imtdlgPuOWU/default.jpg,10,545,4267,PT2H44M57S,2022-10-06T12:01:37Z,2022-10-06T14:46:34Z,2022-10-06T12:01:24Z,"['https://en.wikipedia.org/wiki/Action_game', 'https://en.wikipedia.org/wiki/Racing_video_game', 'https://en.wikipedia.org/wiki/Video_game_culture']"
8IIQth_1oCM,UCaIrY40rwEf51POKMybW-Eg,T∆∞∆°ng Lai C·ªßa Ch√∫ng Ta | Talkshow | NIKA LAN LINH,2022-10-05T14:09:58Z,https://i.ytimg.com/vi/8IIQth_1oCM/default.jpg,10,477,3234,PT1H39M11S,2022-10-05T12:02:52Z,2022-10-05T13:42:01Z,2022-10-05T12:02:40Z,['https://en.wikipedia.org/wiki/Lifestyle_(sociology)']
zTRnYNhtHCg,UCaIrY40rwEf51POKMybW-Eg,Thanh l√Ω m√¥n h·ªô nh√† Nika | Talkshow | NIKA LAN LINH,2022-10-02T15:20:57Z,https://i.ytimg.com/vi/zTRnYNhtHCg/default.jpg,11,555,4559,PT2H53M53S,2022-10-02T12:02:30Z,2022-10-02T14:56:21Z,2022-10-02T12:02:18Z,['https://en.wikipedia.org/wiki/Lifestyle_(sociology)']
LiqK1HzZFEE,UCaIrY40rwEf51POKMybW-Eg,Gi·∫£i ƒë·ªë b·∫±ng gi·ªçng h√°t si√™u m∆∞·ª£t | FREETALK | NIKA LAN LINH,2022-10-01T14:22:41Z,https://i.ytimg.com/vi/LiqK1HzZFEE/default.jpg,6,494,3154,PT2H4M50S,2022-10-01T12:02:00Z,2022-10-01T14:06:53Z,2022-10-01T12:01:54Z,"['https://en.wikipedia.org/wiki/Action-adventure_game', 'https://en.wikipedia.org/wiki/Puzzle_video_game', 'https://en.wikipedia.org/wiki/Video_game_culture']"
Ow16Hsb8A9U,UCaIrY40rwEf51POKMybW-Eg,Gi·∫£i ƒë·ªë b·∫±ng gi·ªçng h√°t si√™u m∆∞·ª£t | FREETALK | NIKA LAN LINH,2022-09-30T14:11:00Z,https://i.ytimg.com/vi/Ow16Hsb8A9U/default.jpg,5,519,2763,PT1H15M7S,2022-09-30T12:43:13Z,2022-09-30T13:58:22Z,2022-09-30T12:43:02Z,"['https://en.wikipedia.org/wiki/Entertainment', 'https://en.wikipedia.org/wiki/Film']"
yC-K1Lel6Ag,UCaIrY40rwEf51POKMybW-Eg,H√¥m nay nghe Linh k·ªÉ chuy·ªán ma nh√© | FREETALK | NIKA LAN LINH,2022-09-29T14:47:14Z,https://i.ytimg.com/vi/yC-K1Lel6Ag/default.jpg,10,517,3534,PT2H9M3S,2022-09-29T12:01:30Z,2022-09-29T14:10:27Z,2022-09-29T12:01:20Z,"['https://en.wikipedia.org/wiki/Entertainment', 'https://en.wikipedia.org/wiki/Film']"
Qq6Dc_mzS-E,UCaIrY40rwEf51POKMybW-Eg,C√°c b·∫°n mu·ªën xem Linh roleplay ai n√†o? | FREETALK | NIKA LAN LINH,2022-09-25T15:00:48Z,https://i.ytimg.com/vi/Qq6Dc_mzS-E/default.jpg,6,596,4102,PT2H32M39S,2022-09-25T12:01:08Z,2022-09-25T14:33:42Z,2022-09-25T12:00:54Z,"['https://en.wikipedia.org/wiki/Entertainment', 'https://en.wikipedia.org/wiki/Film']"
jCeVP8_Plv4,UCaIrY40rwEf51POKMybW-Eg,Gi·∫£i m√£ nh·ªØng c√¢u ƒë·ªë b·∫±ng √¢m nh·∫°c | One Hand Clapping | NIKA LAN LINH,2022-09-24T13:50:19Z,https://i.ytimg.com/vi/jCeVP8_Plv4/default.jpg,7,460,3104,PT1H38M40S,2022-09-24T12:00:18Z,2022-09-24T13:38:55Z,2022-09-24T12:00:06Z,['https://en.wikipedia.org/wiki/Puzzle_video_game']
_GzNAXNy56c,UCaIrY40rwEf51POKMybW-Eg,L·∫ßn ƒë·∫ßu ch∆°i nh∆∞ng s·∫Ω c·ªë gi√†nh Top 1 | PUBG | NIKA LAN LINH,2022-09-22T15:27:09Z,https://i.ytimg.com/vi/_GzNAXNy56c/default.jpg,6,405,2930,PT1H46M58S,2022-09-22T13:24:17Z,2022-09-22T15:11:15Z,2022-09-22T13:24:01Z,"['https://en.wikipedia.org/wiki/Action-adventure_game', 'https://en.wikipedia.org/wiki/Action_game', 'https://en.wikipedia.org/wiki/Role-playing_video_game', 'https://en.wikipedia.org/wiki/Strategy_video_game', 'https://en.wikipedia.org/wiki/Video_game_culture']"
KeSW7E7gT4c,UCaIrY40rwEf51POKMybW-Eg,L·∫ßn ƒë·∫ßu ch∆°i nh∆∞ng s·∫Ω c·ªë gi√†nh Top 1 | PUBG | NIKA LAN LINH,2022-09-22T13:30:40Z,https://i.ytimg.com/vi/KeSW7E7gT4c/default.jpg,5,444,2802,PT1H18M32S,2022-09-22T12:00:53Z,2022-09-22T13:19:20Z,2022-09-22T12:00:39Z,"['https://en.wikipedia.org/wiki/Action-adventure_game', 'https://en.wikipedia.org/wiki/Action_game', 'https://en.wikipedia.org/wiki/Role-playing_video_game', 'https://en.wikipedia.org/wiki/Strategy_video_game', 'https://en.wikipedia.org/wiki/Video_game_culture']"
eOU4EiH-Ht4,UCaIrY40rwEf51POKMybW-Eg,Ca nh·∫°c b√π h√¥m Linh b·ªã b·ªánh n√® | KARAOKE | NIKA LAN LINH,2022-09-17T15:21:53Z,https://i.ytimg.com/vi/eOU4EiH-Ht4/default.jpg,16,855,6838,PT2H57M25S,2022-09-17T12:00:18Z,2022-09-17T14:59:31Z,2022-09-17T12:00:06Z,"['https://en.wikipedia.org/wiki/Entertainment', 'https://en.wikipedia.org/wiki/Film']"
JaQN8nY5RGs,UCaIrY40rwEf51POKMybW-Eg,Gi·∫£ l·∫≠p ch·∫°y b·ªô v∆∞·ª£t ch∆∞·ªõng ng·∫°i v·∫≠t c√πng c√°c b·∫°n Cua | Stumble Guys | NIKA LAN LINH,2022-09-16T14:30:37Z,https://i.ytimg.com/vi/JaQN8nY5RGs/default.jpg,4,442,3414,PT2H5M52S,2022-09-16T12:01:00Z,2022-09-16T14:06:56Z,2022-09-16T12:00:52Z,"['https://en.wikipedia.org/wiki/Action_game', 'https://en.wikipedia.org/wiki/Role-playing_video_game', 'https://en.wikipedia.org/wiki/Video_game_culture']"
0cdb-1UvsTg,UCaIrY40rwEf51POKMybW-Eg,Game n√≥ng v·ª´a ra l√† ph·∫£i ch∆°i ngay | Th·∫ßn Tr√πng | NIKA LAN LINH,2022-09-15T16:41:30Z,https://i.ytimg.com/vi/0cdb-1UvsTg/default.jpg,12,1098,13791,PT4H21M5S,2022-09-15T12:00:45Z,2022-09-15T16:21:51Z,2022-09-15T12:00:36Z,"['https://en.wikipedia.org/wiki/Action-adventure_game', 'https://en.wikipedia.org/wiki/Action_game', 'https://en.wikipedia.org/wiki/Casual_game', 'https://en.wikipedia.org/wiki/Role-playing_video_game', 'https://en.wikipedia.org/wiki/Video_game_culture']"
rfqF-qfmo7M,UCaIrY40rwEf51POKMybW-Eg,R∆∞·ªõc ƒë√®n √¥ng sao ƒë√≥n ch·ªã H·∫±ng trong VR Chat c√πng Linh | VR CHAT | NIKA LAN LINH,2022-09-10T15:24:48Z,https://i.ytimg.com/vi/rfqF-qfmo7M/default.jpg,10,629,5402,PT2H2M54S,2022-09-10T13:01:44Z,2022-09-10T15:04:35Z,2022-09-10T13:01:29Z,"['https://en.wikipedia.org/wiki/Action-adventure_game', 'https://en.wikipedia.org/wiki/Role-playing_video_game', 'https://en.wikipedia.org/wiki/Video_game_culture']"
NeGTuYjTZ88,UCaIrY40rwEf51POKMybW-Eg,Qu√Ω c√¥ Lan Linh ƒÉn k·∫πo d·∫ªo ngon gh√™ √° ch√≤y | Marshmallow | NIKA LAN LINH,2022-09-08T14:47:38Z,https://i.ytimg.com/vi/NeGTuYjTZ88/default.jpg,6,708,5372,PT2H35M35S,2022-09-08T12:01:32Z,2022-09-08T14:37:09Z,2022-09-08T12:01:17Z,[]
svha6RDaPYk,UCaIrY40rwEf51POKMybW-Eg,Qu√° Nhi·ªÅu M·∫•t M√°t Trong V√≤ng M·ªôt Ng√†y. H√¥m Nay Online Th·∫ø L√† ƒê·ªß | Nika Lan Linh,2022-09-07T06:41:48Z,https://i.ytimg.com/vi/svha6RDaPYk/default.jpg,43,412,5048,PT41S,,,,"['https://en.wikipedia.org/wiki/Action_game', 'https://en.wikipedia.org/wiki/Video_game_culture']"
gawvr0UJJAQ,UCaIrY40rwEf51POKMybW-Eg,ƒê·∫Øm m√¨nh trong th·∫ø gi·ªõi VR c√πng Linh | Pavlov VR | NIKA LAN LINH,2022-09-06T14:10:10Z,https://i.ytimg.com/vi/gawvr0UJJAQ/default.jpg,8,745,6350,PT1H39M2S,2022-09-06T12:22:37Z,2022-09-06T14:01:39Z,2022-09-06T12:22:22Z,"['https://en.wikipedia.org/wiki/Action-adventure_game', 'https://en.wikipedia.org/wiki/Action_game', 'https://en.wikipedia.org/wiki/Casual_game', 'https://en.wikipedia.org/wiki/Video_game_culture']"
GMYfhW-fqHs,UCaIrY40rwEf51POKMybW-Eg,Linh th·ª≠ l·ªìng ti·∫øng cho teaser c·ªßa Genshin Impact 3.0,2022-09-04T15:00:17Z,https://i.ytimg.com/vi/GMYfhW-fqHs/default.jpg,43,511,4471,PT42S,,,,"['https://en.wikipedia.org/wiki/Entertainment', 'https://en.wikipedia.org/wiki/Film']"
H_zABFO9I7g,UCaIrY40rwEf51POKMybW-Eg,"Chinh ph·ª•c 30 ph√∫t c√πng ""t·ª≠ th·∫ßn"" Lan Linh | Vampire Survivors | NIKA LAN LINH",2022-09-04T14:37:40Z,https://i.ytimg.com/vi/H_zABFO9I7g/default.jpg,4,743,5909,PT2H8M27S,2022-09-04T12:01:26Z,2022-09-04T14:09:52Z,2022-09-04T12:01:12Z,"['https://en.wikipedia.org/wiki/Action-adventure_game', 'https://en.wikipedia.org/wiki/Action_game', 'https://en.wikipedia.org/wiki/Role-playing_video_game', 'https://en.wikipedia.org/wiki/Strategy_video_game', 'https://en.wikipedia.org/wiki/Video_game_culture']"
KOAdTgEimXU,UCaIrY40rwEf51POKMybW-Eg,M·ªôt chi·∫øc game c·ª±c chill v√† qu√° d·ªÖ ƒë·ªëi v·ªõi Linh | Getting Over It | NIKA LAN LINH,2022-09-02T13:46:14Z,https://i.ytimg.com/vi/KOAdTgEimXU/default.jpg,17,917,9726,PT1H34M21S,2022-09-02T12:00:22Z,2022-09-02T13:34:40Z,2022-09-02T12:00:08Z,"['https://en.wikipedia.org/wiki/Action-adventure_game', 'https://en.wikipedia.org/wiki/Action_game', 'https://en.wikipedia.org/wiki/Video_game_culture']"
KbYLzq1a8y4,UCaIrY40rwEf51POKMybW-Eg,ƒê√≥n xem Linh s·∫Ω l√†m g√¨ trong VR Chat nh√© | VR CHAT | NIKA LAN LINH,2022-09-01T14:26:18Z,https://i.ytimg.com/vi/KbYLzq1a8y4/default.jpg,30,1186,10739,PT2H15M2S,2022-09-01T12:00:40Z,2022-09-01T14:15:44Z,2022-09-01T12:00:26Z,"['https://en.wikipedia.org/wiki/Action-adventure_game', 'https://en.wikipedia.org/wiki/Role-playing_video_game', 'https://en.wikipedia.org/wiki/Video_game_culture']"
6GuuUTIVvC4,UCaIrY40rwEf51POKMybW-Eg,Sinh t·ªìn m·ªôt m√¨nh ch·∫Øc Linh s·∫Ω ·ªïn ha | MUCK | NIKA LAN LINH,2022-08-30T14:27:29Z,https://i.ytimg.com/vi/6GuuUTIVvC4/default.jpg,10,909,7254,PT2H15M23S,2022-08-30T12:02:29Z,2022-08-30T14:17:48Z,2022-08-30T12:02:15Z,"['https://en.wikipedia.org/wiki/Action-adventure_game', 'https://en.wikipedia.org/wiki/Role-playing_video_game', 'https://en.wikipedia.org/wiki/Video_game_culture']"
bKLh9lHbveQ,UCaIrY40rwEf51POKMybW-Eg,Th·∫ø Gi·ªõi N√†y L√† C·ªßa Chu·ªµ / Nika Lan Linh,2022-08-29T12:59:33Z,https://i.ytimg.com/vi/bKLh9lHbveQ/default.jpg,123,897,7691,PT43S,,,,"['https://en.wikipedia.org/wiki/Electronic_music', 'https://en.wikipedia.org/wiki/Entertainment', 'https://en.wikipedia.org/wiki/Film', 'https://en.wikipedia.org/wiki/Music_of_Asia']"
wNJSQm614FA,UCaIrY40rwEf51POKMybW-Eg,H·ªçc Ti·∫øng M√®o K√™u/Nika Lan Linh,2022-08-28T14:40:57Z,https://i.ytimg.com/vi/wNJSQm614FA/default.jpg,131,720,5710,PT53S,,,,"['https://en.wikipedia.org/wiki/Electronic_music', 'https://en.wikipedia.org/wiki/Music', 'https://en.wikipedia.org/wiki/Pop_music']"
VcOjzZDdtD4,UCaIrY40rwEf51POKMybW-Eg,B√≥c ph·ªët qu·∫£n l√Ω qu√° nhi·ªÅu Linh b·ªã b·∫Øt ƒëi sinh t·ªìn ƒë·∫°i d·ªãch Zombie | LEFT4DEAD2 | NIKA LAN LINH,2022-08-26T13:50:29Z,https://i.ytimg.com/vi/VcOjzZDdtD4/default.jpg,17,759,5224,PT1H39M50S,2022-08-26T12:02:17Z,2022-08-26T13:42:08Z,2022-08-26T12:02:03Z,"['https://en.wikipedia.org/wiki/Action-adventure_game', 'https://en.wikipedia.org/wiki/Action_game', 'https://en.wikipedia.org/wiki/Role-playing_video_game', 'https://en.wikipedia.org/wiki/Video_game_culture']"
x_zIHjNHEsU,UCaIrY40rwEf51POKMybW-Eg,C√≥ g√¨ v√†o xem r·ªìi s·∫Ω bi·∫øt | FREETALK | NIKA LAN LINH,2022-08-24T14:09:37Z,https://i.ytimg.com/vi/x_zIHjNHEsU/default.jpg,31,984,6884,PT1H32M10S,2022-08-24T12:30:45Z,2022-08-24T14:03:00Z,2022-08-24T12:30:29Z,[]
lbtnkBplMsk,UCaIrY40rwEf51POKMybW-Eg,H√£y G·ªçi Em L√† G√°i Alime ! | NIKA LAN LINH,2022-08-23T18:45:47Z,https://i.ytimg.com/vi/lbtnkBplMsk/default.jpg,99,890,12210,PT13S,,,,"['https://en.wikipedia.org/wiki/Entertainment', 'https://en.wikipedia.org/wiki/Film']"
jOUnCNRCx3E,UCaIrY40rwEf51POKMybW-Eg,Chuy·ªán H√¥m Qua Gi·ªù M·ªõi K·ªÉ . T√¥i Tin Ng∆∞·ªùi Qu√° M√†‚Ä¶ | NIKA LAN LINH,2022-08-23T04:42:13Z,https://i.ytimg.com/vi/jOUnCNRCx3E/default.jpg,72,538,3525,PT1M27S,,,,"['https://en.wikipedia.org/wiki/Action-adventure_game', 'https://en.wikipedia.org/wiki/Action_game', 'https://en.wikipedia.org/wiki/Role-playing_video_game', 'https://en.wikipedia.org/wiki/Strategy_video_game', 'https://en.wikipedia.org/wiki/Video_game_culture']"
De96YEt8X9I,UCaIrY40rwEf51POKMybW-Eg,Ch√∫c m·∫•y b·∫°n Cua ng·ªß ngon ! ( Nh·ªõ g·∫Øn tai nghe khi xem ) | NIKA LAN LINH,2022-08-22T18:09:50Z,https://i.ytimg.com/vi/De96YEt8X9I/default.jpg,76,691,5680,PT15S,,,,[]
Azj0Bh7DaMA,UCaIrY40rwEf51POKMybW-Eg,Lan Linh h√≥a C√°o tham gia ƒê·∫°i Chi·∫øn Si√™u Th√∫ | SUPER ANIMAL ROYALE | NIKA LAN LINH,2022-08-22T14:58:34Z,https://i.ytimg.com/vi/Azj0Bh7DaMA/default.jpg,10,900,6360,PT1H40M23S,2022-08-22T12:31:22Z,2022-08-22T14:11:42Z,2022-08-22T12:31:09Z,"['https://en.wikipedia.org/wiki/Action_game', 'https://en.wikipedia.org/wiki/Strategy_video_game', 'https://en.wikipedia.org/wiki/Video_game_culture']"
4k492k7EVSs,UCaIrY40rwEf51POKMybW-Eg,H√£y G·ª≠i C√°i N√†y ƒê·∫øn M·∫•y ƒê·ª©a Ch√™ B·∫°n L√πn !  | NIKA LAN LINH,2022-08-21T14:22:44Z,https://i.ytimg.com/vi/4k492k7EVSs/default.jpg,125,860,7047,PT11S,,,,"['https://en.wikipedia.org/wiki/Entertainment', 'https://en.wikipedia.org/wiki/Film']"
Ggh6oh71pW4,UCaIrY40rwEf51POKMybW-Eg,"BƒÉng ƒë·∫£ng Nika Family v√£ qu√°, ph·∫£i l√™n v·∫≠n ƒë·ªông tuy·ªÉn th√™m ng∆∞·ªùi thui! | FREETALK | NIKA LAN LINH",2022-08-21T13:26:06Z,https://i.ytimg.com/vi/Ggh6oh71pW4/default.jpg,19,1358,11378,PT1H15M43S,2022-08-21T12:01:32Z,2022-08-21T13:17:13Z,2022-08-21T12:01:17Z,[]
7w_twiJ2QJw,UCaIrY40rwEf51POKMybW-Eg,How To Say No In Vietnamese  | NIKA LAN LINH,2022-08-20T17:51:59Z,https://i.ytimg.com/vi/7w_twiJ2QJw/default.jpg,128,1043,11445,PT6S,,,,[]
id2yM2Kbb8g,UCaIrY40rwEf51POKMybW-Eg,Lan Linh ƒë√°ng y√™u b·∫Øt ƒë·∫ßu h√†nh tr√¨nh v√†o th·∫ø gi·ªõi b√°nh | DEBUT STREAM | NIKA LAN LINH,2022-08-20T13:49:44Z,https://i.ytimg.com/vi/id2yM2Kbb8g/default.jpg,115,2543,25508,PT44M57S,2022-08-20T13:00:39Z,2022-08-20T13:45:38Z,2022-08-20T13:00:26Z,['https://en.wikipedia.org/wiki/Lifestyle_(sociology)']
8KPlFktdPy0,UCaIrY40rwEf51POKMybW-Eg,üòéNIKA LAN LINH ASMR!!ƒêo√°n xem Linh ƒëang l√†m g√¨ ƒë√¢y???,2022-08-19T12:54:52Z,https://i.ytimg.com/vi/8KPlFktdPy0/default.jpg,120,618,5115,PT30S,,,,[]
59LweghAqJQ,UCaIrY40rwEf51POKMybW-Eg,Nika Lan Linh Voice Teaser | Nika Lan Linh | NIJIGEN,2022-08-17T14:33:48Z,https://i.ytimg.com/vi/59LweghAqJQ/default.jpg,210,1393,15491,PT1M5S,,,,"['https://en.wikipedia.org/wiki/Entertainment', 'https://en.wikipedia.org/wiki/Film']"
